PT_CODE,TOTAL_VOLUME,Description,Latitude,Longitude,Direction
46009,1450921,Woodlands Int,1.436946,103.785936,1.0
22009,1448605,Boon Lay Int,1.33932334709184,103.70545701843297,1.0
75009,1111655,Tampines Int,1.35407552367477,103.94339098473914,1.0
84009,818157,Bedok Int,1.32453874317344,103.9290381851584,1.0
52009,797370,Toa Payoh Int,1.33202083385749,103.84692763524868,1.0
59009,792091,Yishun Int,1.4284,103.8360975,1.0
46101,619212,W'Lands Checkpt,1.44460832436456,103.76774882217022,1.0
54009,609898,Ang Mo Kio Int,1.36968769913339,103.84856716193268,1.0
44009,609312,Choa Chu Kang Int,1.38586897797184,103.74578895932125,1.0
65009,594295,Punggol Temp Int,1.40370629859822,103.90224337575332,1.0
46109,520441,W'Lands Checkpt,1.44694093553778,103.76925342517902,1.0
77009,478723,Pasir Ris Int,1.373564,103.950478,1.0
17171,458322,Clementi Stn Exit A,1.31497399268611,103.76502698264449,1.0
43009,426798,Bt Batok Int,1.34999354306126,103.75106190953444,1.0
64009,387980,Hougang Ctrl Int,1.37060695394614,103.89266808874676,1.0
17009,354505,Clementi Int,1.31491572870629,103.76412225438476,1.0
45139,349328,Kranji Stn,1.42525961270458,103.76178101875855,1.0
46211,338591,Johor Bahru Checkpt,1.46491732433248,103.76547712149444,1.0
45009,306253,BT PANJANG INT,1.37812611932206,103.763286611367,1.0
46779,303355,Admiralty Stn,1.44071357576488,103.80070754495144,1.0
46069,295964,W'Lands Train Checkpt,1.44288948418349,103.769338337993,1.0
67009,293685,Sengkang Int,1.39178060381601,103.89588499436071,1.0
28091,289836,Lakeside Stn,1.34425795644531,103.720124877254,2.0
84031,285480,Bedok Stn Exit B,1.32428292329305,103.93003627080394,2.0
59072,278495,Yishun Stn Exit E,1.429383056,103.8354931,1.0
46219,271790,Johor Bahru Checkpt,1.4654268105665,103.76826657164716,1.0
17179,267484,Clementi Stn Exit B,1.31528191560846,103.76536000516928,2.0
65191,266264,Bef Punggol Rd,1.39527356921611,103.90539999997036,2.0
46008,265542,,,,
53009,259770,Bishan Int,1.35045541249544,103.84988083722293,1.0
66009,246176,S'Goon Int,1.35046610176969,103.87168992264615,1.0
65199,241223,Aft Punggol Rd,1.39591721161169,103.90542736761212,1.0
53231,240431,BISHAN STN,1.35089997844732,103.84797987894204,1.0
66351,234149,S'goon Stn Exit E,1.35049831450162,103.87324486521683,2.0
28211,231144,Bef Jurong East Stn,1.33418677275445,103.74070680700304,1.0
14141,230206,HarbourFront Stn/Vivocity,1.26552421466644,103.82211326846236,1.0
10169,224036,Tiong Bahru Stn/Plaza,1.28599961406266,103.82748123930962,1.0
28009,217589,Jurong East Int,1.33235,103.740664,1.0
95029,212084,Changi Airport Ter 1,1.36126748727797,103.99069984684058,1.0
66359,204663,S'Goon Stn Exit C/Blk 201,1.35080698547823,103.87328604946424,1.0
59073,199582,Opp Yishun Stn,1.42868146490253,103.83546942999692,2.0
81111,190432,Paya Lebar Stn Exit B,1.31860238558389,103.89211689790608,1.0
24009,187573,Joo Koon Int,1.32697254709069,103.67839791240787,1.0
46521,187420,Marsiling Stn,1.43237833345523,103.77429333367095,2.0
47009,183153,Woodlands Temp Int,1.437553,103.786282,1.0
92049,182356,Marine Pde Stn/Parkway Pde,1.302999,103.905955,1.0
10161,180671,Opp Tiong Bahru Stn/Plaza,1.28593135445772,103.82668969231534,1.0
63039,180128,Kovan Stn Exit C,1.36026000003341,103.88538416663954,1.0
59079,179091,Yishun Stn,1.42926606883551,103.83516195358482,1.0
8057,178912,Dhoby Ghaut Stn,1.29930997279734,103.84529021429744,1.0
67409,178886,Sengkang Stn,1.3923391568303,103.89606816606354,1.0
84039,172951,Bedok Stn Exit A,1.32353645344906,103.9288630020348,1.0
60121,172336,Boon Keng Stn/Blk 102,1.32008815616383,103.86179781146464,1.0
9048,171632,Orchard Stn/Lucky Plaza,1.30386684425114,103.83413070051408,1.0
54261,171343,Aft Ang Mo Kio Stn Exit A,1.36946941916508,103.85075454495572,2.0
5013,166234,Chinatown Stn Exit C,1.28406979945936,103.84299874303984,2.0
59041,165082,Bef Khatib Stn,1.41625420109094,103.832591612732,1.0
7111,156160,Broadway Hotel,1.30879366465919,103.8531751994068,2.0
7031,155822,Tekka Ctr,1.30572083298412,103.85120583303193,2.0
1112,153766,Opp Bugis Stn Exit C,1.30009212839081,103.85520027125814,2.0
5039,153622,New Bridge Ctr,1.28293819129834,103.84254276754574,1.0
55509,151854,Yio Chu Kang Int,1.38113241525166,103.8455558816965,1.0
45321,150016,Yew Tee Stn,1.39740269682477,103.74755489070483,1.0
95109,147201,Changi Airport Ter 3,1.35650049529119,103.986352337828,1.0
28099,146489,Opp Lakeside Stn,1.344324,103.719266,1.0
10009,145008,Bt Merah Int,1.28210155945393,103.81722480263164,1.0
85099,144862,Tanah Merah Stn Exit A,1.32684437763421,103.94645987386455,1.0
44031,141760,Aft Bt Panjang Stn,1.37785685552262,103.76232373807856,1.0
7211,141383,Aft Farrer Pk Stn Exit G,1.31313747728456,103.8563561439714,1.0
40019,140766,Little India Stn,1.30664404460339,103.84920416709382,1.0
58211,139747,Sembawang Stn,1.44926202582359,103.81979401898032,1.0
44029,138047,Bt Panjang Stn Exit A/Lrt,1.37863409952448,103.7621954983533,2.0
9047,137375,Orchard Stn/Tang Plaza,1.30446065207443,103.83294467208566,1.0
59049,135253,Opp Khatib Stn,1.41700998157675,103.83339984073773,2.0
67609,135096,Buangkok Stn Exit A,1.38393305306468,103.8930397853008,1.0
14129,132578,Harbourfront Stn Exit A,1.26607869101924,103.81977877391114,2.0
59111,132049,Blk 701,1.43016395103424,103.82888452126694,1.0
11169,131419,C'Wealth Stn Exit B/C,1.30270500001823,103.79838166697326,2.0
54241,131369,Blk 700B,1.36913518643274,103.84618005827468,2.0
28401,131123,Blk 502,1.3506545513673,103.71861401513462,1.0
44539,130759,Lot 1/Choa Chu Kang Stn,1.38463078337388,103.74502387945827,1.0
44259,129574,Blk 183,1.38029564329691,103.76297124601712,1.0
8121,129325,Somerset Stn,1.30027569326586,103.83877618459664,2.0
77039,128886,Pasir Ris Stn Exit B,1.37241,103.948657,1.0
28511,128135,Blk 463,1.35063596491215,103.7237236090261,1.0
67601,127377,Buangkok Stn Exit B,1.38334470717282,103.8932683273077,1.0
92041,127109,Marine Pde Stn Exit 2,1.30327282994495,103.9058301337522,1.0
85091,123216,Tanah Merah Stn Exit B,1.32754912682416,103.9463611980576,2.0
76101,122913,Tampines East CC,1.35303315550855,103.95480210652735,2.0
9219,120086,Far East Plaza,1.30731999685228,103.833160882917,1.0
80089,117988,Bef Lor 18 Geylang,1.312658,103.880111,1.0
17041,116951,Blk 726 Clementi West Mkt,1.3042101570614,103.76455953939508,1.0
81129,116576,Paya Lebar Stn Exit D,1.31631147367096,103.89217268755988,1.0
82061,116462,Eunos Stn/ Int,1.31876162629115,103.9022689641617,1.0
66271,115572,Serangoon Gdn Circus,1.36398333300081,103.86578916701892,1.0
80069,115304,Opp Mohd Salleh Mque,1.31214703288286,103.87715016317216,1.0
11161,115208,C'Wealth Stn Exit A/D,1.30213305598263,103.7983908330214,1.0
82029,113673,Blk 14 Mkt/FC,1.31569833821527,103.89559528546464,2.0
63031,113604,Kovan Stn Exit B,1.36050444441455,103.88535194446015,1.0
42151,112959,Beauty World Stn Exit C,1.34009254981171,103.77531978477352,1.0
76199,112256,BLK 503,1.35660016333768,103.94535428432116,2.0
9022,111781,ORCHARD STN EXIT 13,1.30252834773643,103.83239784275958,2.0
67401,111182,Opp Sengkang Stn/Blk 260A,1.39290842289238,103.89531738456282,1.0
82049,107879,Joo Chiat Cplx,1.31634170548514,103.89891621295058,2.0
83101,107447,Eunos Stn,1.32066709057479,103.90489836683336,1.0
57119,107440,Blk 101,1.43130257113028,103.82688773076856,1.0
59569,107318,Khatib Stn Exit D,1.41849332350079,103.83293900021364,1.0
5049,106309,Chinatown Stn Exit E,1.28531114761754,103.84455070696784,1.0
50038,104687,Novena Stn,1.32033749274601,103.842832976035,1.0
44269,104302,Blk 223,1.37577833299245,103.77422500002577,1.0
28519,103657,Blk 425,1.35058416759245,103.72452492776075,2.0
44261,103574,Blk 270,1.3760822219899,103.774277778025,1.0
53381,103098,Bishan Nth Shop Mall,1.35830432828214,103.84496212009292,2.0
76191,103072,BLK 401,1.3569438864901,103.94477445426702,1.0
59239,102892,,,,
21449,102865,Boon Lay Shop Ctr,1.34639805597018,103.71306138901696,1.0
14009,102358,HarbourFront Int,1.26703502614245,103.81901469907407,1.0
22529,101308,Pioneer Stn Exit B,1.33777262767008,103.69728617102128,1.0
44531,101215,Opp Choa Chu Kang Stn,1.38425405298158,103.74453624872068,1.0
43579,100479,Bt Gombak Stn,1.35911715344895,103.75166771394562,2.0
76141,99447,Tampines Stn/Int,1.35366689109025,103.94609060451609,2.0
54269,98638,Opp Ang Mo Kio Stn,1.36921006543476,103.85111893571649,1.0
7419,98576,Opp Veerasamy Rd,1.30653024120879,103.8561630249311,1.0
9037,98487,Bef Cairnhill Rd,1.3023400420296,103.83701253388185,1.0
9038,98212,Opp Somerset Stn,1.30154262450563,103.83852481842337,1.0
75051,97939,TAMPINES WEST STN EXIT B,1.34503394154132,103.9400815317342,1.0
60261,96407,Potong Pasir Stn Exit C,1.33132471594343,103.8689179493056,2.0
4222,96108,Clarke Quay Stn Exit E,1.28898962180798,103.84708976365567,2.0
80071,95780,Yi Xiu Fty Bldg,1.31380009198455,103.8765539400638,2.0
5022,95419,Aft Chinatown Stn Exit D,1.28571089865595,103.84437203405348,2.0
76051,95166,Our Tampines Hub,1.35313809279079,103.9412639409046,2.0
46771,94658,Opp Admiralty Stn,1.44088808355944,103.80018670656509,1.0
77031,94037,Opp Pasir Ris Stn Exit B,1.372262,103.948468,2.0
80031,93881,Kallang Stn,1.31107705658993,103.8713149052975,2.0
28409,93518,Blk 454,1.35081149361542,103.71793769087184,2.0
58219,93514,Opp Sembawang Stn,1.44953463697186,103.8199297231716,2.0
61039,93303,Woodleigh Stn Exit A,1.33845332842129,103.87084881783568,1.0
81089,91934,Aljunied Stn,1.31628194302502,103.88202243551632,1.0
28461,91482,Blk 347,1.345332402809,103.73205383657178,1.0
64541,90941,Hougang Ctrl Int,1.37122666703205,103.89261000001046,1.0
40011,90151,LITTLE INDIA STN EXIT A,1.30606411522588,103.84908751469008,2.0
22521,90127,Pioneer Stn Exit A,1.33741647896432,103.69776790191162,1.0
45329,89555,Opp Yew Tee Stn,1.39743803967229,103.7478650735721,1.0
10209,89381,Redhill Stn,1.28954631749853,103.81672885450702,1.0
42159,89308,Opp Beauty World Stn,1.34036805329812,103.77530898996658,2.0
53389,89289,Opp Bishan Nth Shop Mall,1.35804473736933,103.8451693388076,1.0
59561,89131,,,,
44251,89077,Bt Panjang Stn/Blk 604,1.38030076722264,103.76231669235112,2.0
60161,88858,St. Michael's Pl,1.32477289725503,103.8655673081052,2.0
54248,88455,Blk 324,1.36875490594243,103.84661006967286,1.0
60119,88185,Opp Boon Keng Stn,1.31880431510648,103.86409707876383,1.0
43571,87705,Opp Bt Gombak Stn,1.35920995233758,103.75150455211016,1.0
8031,87374,Dhoby Ghaut Stn Exit B,1.29831153783592,103.8452569595532,2.0
45131,86819,Opp Kranji Stn,1.42513583961154,103.76103770449444,1.0
60269,86388,Potong Pasir Stn Exit B,1.33099030126892,103.86922890950602,1.0
43419,86308,Aft Bt Batok Stn/Blk 628,1.35155523613685,103.74998784769572,1.0
53239,85482,OPP BISHAN STN,1.351,103.847641,2.0
83062,85347,Kembangan Stn,1.32096859171096,103.9133277893385,2.0
65069,85064,Blk 190C,1.39504382175966,103.90236824858532,2.0
61031,85018,Woodleigh Stn Exit B,1.33836472248768,103.8704496726279,2.0
1113,84993,Bugis Stn Exit A,1.30117297541547,103.8561140106393,2.0
52071,84417,Trellis Twrs,1.32991416932901,103.8438184322432,2.0
65061,84234,Blk 298A,1.39490129020977,103.9018594759131,1.0
17049,84036,Blk 601,1.30470638200942,103.76459821893782,2.0
1311,84025,Lavender Stn Exit B,1.3070916463394,103.86219695240972,2.0
76109,83568,Blk 302,1.35296639979416,103.9551184525466,1.0
64419,82877,Blk 681,1.37339164793235,103.88521854859373,1.0
76039,81157,TAMPINES EAST STN EXIT C,1.35506418976437,103.9555498102644,1.0
8069,81010,Bencoolen Stn Exit B,1.29821382250893,103.84936128375956,1.0
62139,80515,S'Goon Stn Exit A/Blk 413,1.3490461240579,103.8734116593578,1.0
96169,80343,Simei Stn,1.34226222202581,103.95346611100372,1.0
7518,80239,OPP NAFA CAMPUS 3,1.30095828368506,103.85211175034802,1.0
43189,80136,Blk 283,1.346993,103.756815,1.0
82011,79898,Aft Paya Lebar Quarter,1.31736957951855,103.89480000904068,1.0
77289,79186,Blk 738,1.37889759950996,103.93596534133928,1.0
99009,79124,Changi Village Ter,1.38969812175274,103.98762553601895,1.0
54289,78536,Blk 452,1.369149,103.855987,1.0
80091,78417,Bef Lor 23 Geylang,1.31489775184137,103.88095141640784,2.0
58251,78403,Sun Plaza/Sembawang Stn,1.44803148822713,103.81895207486828,1.0
80101,78072,Kallang Stn/Opp Blk 2C,1.31251933500742,103.87153830811836,1.0
7319,77926,Aft Allenby Rd,1.31038833299803,103.85870666696984,1.0
59119,76996,Opp Blk 701A,1.43037444021889,103.82794865433571,1.0
64381,76507,Hougang Stn Exit C,1.37288245131287,103.89170384962593,1.0
52079,76253,Opp Trellis Twrs,1.32931477158443,103.84382885735748,1.0
46529,76010,Opp Marsiling Stn,1.43208152770031,103.77459689006626,1.0
80051,75349,Aft Lor 1 Geylang,1.31251499997324,103.87326194447364,2.0
11361,75138,Buona Vista Stn Exit C,1.30649698638726,103.79058123542396,1.0
84231,74677,Blk 85,1.33173871602405,103.93855496527851,1.0
84049,74342,Blk 27,1.32432719820227,103.93471220144858,1.0
52361,73984,Blk 1,1.33974408909931,103.8529812160764,1.0
10079,73362,Blk 201,1.2803950142786,103.82708906887606,1.0
45421,73345,Blk 689A,1.40274884902867,103.75050925171398,1.0
28301,73234,Blk 131,1.33473899929823,103.74030301599493,2.0
10201,73231,Opp Redhill Stn,1.28928144532567,103.81662854691156,1.0
52059,72407,Blk 219,1.34309745890513,103.85622585798508,1.0
47201,72216,W'lands Nth Stn,1.448472,103.7848997,1.0
62131,71445,S'Goon Stn Exit H,1.3489790064228,103.87277432797596,1.0
58541,71160,Opp Canberra Stn,1.44284,103.830351,2.0
66371,71086,Blk 261,1.353767301605,103.87268543240587,2.0
76059,71039,Opp Our Tampines Hub,1.35296163572491,103.94165154852796,1.0
10299,70426,Aft Dawson Pl,1.29233498466278,103.81146486767658,1.0
58549,69967,Canberra Stn,1.442578,103.830142,1.0
82009,69687,Eunos Int,1.31933717157385,103.90180834139495,1.0
81119,69258,Paya Lebar Stn Exit C,1.31856724602339,103.89169495502703,1.0
84011,69224,Chai Chee Ind Pk,1.32257749632692,103.92233358172962,2.0
66389,68659,S'Goon Stn Exit F,1.35092163758707,103.8710690514159,2.0
75081,68624,Blk 831,1.34986941891093,103.93426738811776,2.0
44141,68426,Phoenix Stn,1.37835602806756,103.75773677895587,1.0
21421,68307,Blk 176,1.34720307776277,103.71032595632526,1.0
64549,68228,Opp Hougang Ctrl Int,1.37139998302648,103.8917097297832,1.0
50229,68059,Opp Blk 104,1.32095764720403,103.85283489560972,2.0
75089,67805,Blk 827,1.34977145890473,103.93404731779178,1.0
21429,67743,Blk 185,1.34740203306581,103.71059149459592,2.0
64411,67287,Blk 670,1.37353273194871,103.88503406200056,1.0
1039,67244,Bugis Cube,1.29820784139683,103.85549139837408,1.0
76031,67227,TAMPINES EAST STN EXIT B,1.35507956918888,103.95529781026744,2.0
43411,66928,Opp Blk 628,1.35176519952681,103.75019891787088,2.0
17151,66926,Blk 410,1.31169519353522,103.76960993525368,1.0
78069,66647,Blk 442,1.36869168470813,103.95815838787028,1.0
17159,66639,Blk 365,1.311975556,103.7698144,2.0
28469,66625,Blk 316,1.34612717332075,103.73193313637752,2.0
50991,66517,Blk 82,1.32337986005569,103.85626145335384,2.0
59419,66430,Blk 413,1.42536,103.84607,1.0
42091,66174,Beauty World Stn Exit B,1.34278636864291,103.77539033846315,1.0
60159,66144,Blk 54,1.32409476572475,103.86764196002876,2.0
76061,66006,Blk 938,1.3482019444416,103.94189805552269,2.0
9179,65971,Royal Thai Embassy,1.30587966240898,103.83049004618626,2.0
59091,65634,Blk 154,1.43165245434506,103.83510814544051,1.0
75359,65338,IKEA Tampines/Aft TPE,1.37438650022455,103.93147946559002,1.0
10071,65055,Blk 111,1.28045309423663,103.82638920754816,1.0
14119,65055,Opp VivoCity,1.26592360897281,103.8222827803663,2.0
21591,64873,Opp Blk 117,1.33476103645994,103.72242808341085,1.0
54371,64671,Blk 409 Mkt/FC,1.36238306289968,103.85568284134344,1.0
63059,64590,Blk 22,1.36437667280221,103.88984149586426,1.0
66331,64189,Blk 554,1.37173176460482,103.8701543470715,2.0
84069,64160,Blk 55,1.32548742810424,103.9421901988728,2.0
80049,64113,Aft Sims Way,1.31077707819718,103.87363663982292,1.0
84201,63920,BEDOK RESVR STN EXIT A,1.33660054449421,103.93309401156245,1.0
63241,63842,Blk 21,1.36409785233957,103.89213557756084,1.0
60139,63469,Blk 44,1.32204861560134,103.86628982237994,1.0
67441,63464,Sengkang Community Hub,1.3923095386042,103.8934666647416,2.0
1119,63454,Aft Bugis Stn Exit C,1.2996041093804,103.85512934079571,1.0
75059,63390,BEF TAMPINES WEST STN,1.34471168546511,103.9402168928283,2.0
7531,63333,Rochor Stn,1.30365644370093,103.8525732326128,1.0
50031,63280,Opp Novena Ch,1.321378056,103.8417481,2.0
63249,63165,Blk 1,1.36395805601148,103.89261277802149,1.0
21599,63059,Blk 117,1.33468356164521,103.722684936396,2.0
10149,62864,Blk 1,1.28606797463712,103.83283384311112,1.0
7329,62798,Hoa Nam Bldg,1.31284472583438,103.85989088288474,1.0
11519,62490,Opp Queensway Shop Ctr,1.28665742231261,103.80334129425304,2.0
17161,62450,Blk 455,1.31240993603605,103.76685476875124,1.0
44021,62365,Bt Panjang Stn Exit B,1.37820722702851,103.76172178111382,1.0
53051,62316,Upp Thomson Stn Exit 5,1.354995,103.8316003,2.0
28299,62166,Blk 253,1.34438323067917,103.73667027224192,1.0
8138,61595,Concorde Hotel S'pore,1.3004785730821,103.84184700607597,1.0
46541,61123,Marsiling Mall,1.43328331503309,103.78083569681785,2.0
84209,60979,Bedok Resvr Stn Exit B,1.33702513693776,103.93333589306084,2.0
58259,60921,Opp Sun Plaza,1.44777267175187,103.81895151565972,2.0
76139,60848,Opp Century Sq,1.35162691843499,103.94385009279505,1.0
28339,60614,Blk 252,1.34270510558579,103.73737517747826,2.0
76239,60462,Blk 390,1.3564927293972,103.95754826481252,1.0
28499,60251,Jurong Polyclinic,1.34963044051902,103.73046199733298,2.0
42071,60142,Pei Hwa Presby Pr Sch,1.33876225175982,103.77694915592028,1.0
82032,60038,Blk 416,1.31776416388008,103.89719868894,1.0
54379,59911,Blk 475,1.36288998904353,103.85594804936484,2.0
95129,59477,Changi Airport Ter 2,1.35509298857124,103.9892195407387,1.0
84021,59219,Blk 32,1.32338320435233,103.92508721683168,2.0
10041,59184,BEF KAMPONG BAHRU TER,1.27605834770353,103.83519065305671,1.0
28491,59116,Opp Jurong Polyclinic,1.34905596073619,103.7307863306416,1.0
81189,58966,Dakota Stn Exit B/Blk 60,1.30821308595952,103.88850877408412,1.0
71091,58862,Blk 637,1.33073374785934,103.90373154551284,1.0
43181,58769,Keming Pr Sch,1.34648944401178,103.75681722199708,2.0
59429,58767,Blk 846,1.417434,103.835047,1.0
11369,58712,Buona Vista Stn Exit D,1.3063259638605,103.79084827741468,2.0
53059,58705,Upp Thomson Stn Exit 2,1.355471,103.8312231,1.0
76069,58676,Blk 147,1.34875342114003,103.94208629087404,1.0
14279,58675,Blk 25,1.27591552267791,103.81920892602813,1.0
83109,58666,Opp Eunos Stn,1.32135678897249,103.90537221650077,1.0
21441,58559,Blk 207,1.34638242521451,103.713262291859,1.0
63349,58455,Blk 708,1.36687207146588,103.88923358520267,2.0
8041,58393,YMCA,1.29811014243867,103.84780636909544,2.0
1329,58178,Blk 8,1.30495670239172,103.86363028484124,1.0
96161,58147,Opp Simei Stn,1.34211893867102,103.95354015150028,1.0
11189,58094,Blk 43,1.30740138898924,103.79254222202354,2.0
54399,57776,Bef Ang Mo Kio Stn Exit B,1.37137302300723,103.848661116474,1.0
44229,57695,Bef Pending Stn,1.37656055754166,103.771459794786,1.0
76089,57529,The Holy Trinity Ch,1.34916805553714,103.94923388889872,1.0
84059,57387,Blk 65,1.32493504095045,103.93953481204564,1.0
92119,57068,Roxy Sq,1.30444500073,103.90277451423108,1.0
82069,56898,Aft Lor 106 Changi,1.31709537499354,103.90295147896968,2.0
17239,56849,NTUC Fairprice,1.312440556,103.7658489,2.0
30039,56789,Army Logistics Base,1.37432162221947,103.71981883880738,1.0
54389,56526,Blk 465,1.36638973614786,103.85660537812753,2.0
44291,56447,Opp Cck Polyclinic,1.38151999999791,103.75140111097832,2.0
9212,56429,Royal Plaza On Scotts,1.30702238421536,103.83265522662566,2.0
45061,56360,Opp Mandai Est,1.40718111138275,103.75606300126093,1.0
68111,56217,Bef Seletar Camp G,1.40222194447692,103.87138805557646,1.0
20239,56199,Aft Hasanah Mque,1.32246879634748,103.73947011845992,1.0
47619,55947,Blk 688 CP,1.44430697551185,103.80713784459924,1.0
78109,55939,Downtown East,1.375403,103.954556,1.0
2151,55919,Suntec Convention Ctr,1.29317776320814,103.85784623004032,1.0
9169,55818,Delfi Orchard,1.3070135326348,103.82835507326035,2.0
77281,55624,Blk 740,1.37837166677052,103.93618729229594,2.0
50171,55532,Zhongshan Mall,1.32663388888255,103.84641000001729,1.0
1211,55495,Opp Blk 461,1.30551803523268,103.8605449516032,2.0
78101,55313,Opp Downtown East,1.375053,103.954039,2.0
10141,55174,Blk 18,1.28583847140468,103.83238179897587,1.0
28391,55128,Blk 501,1.34978093237085,103.71937165971984,2.0
76249,55062,Blk 370,1.35836639849151,103.95947435534286,1.0
19039,54909,Dover Stn Exit B,1.31167951129602,103.77868390552868,2.0
58009,54777,Sembawang Int,1.44748179252514,103.81941391689068,1.0
76071,54769,Blk 141,1.34802638899143,103.94517805600674,2.0
19019,54627,Blk 27,1.30807305598128,103.78475916699466,2.0
10291,54568,Opp Dawson Pl,1.29215855273858,103.81065866068086,1.0
45411,54484,Opp Blk 670,1.4035145178289,103.74767347957746,1.0
76081,54456,Opp The Holy Trinity Ch,1.34950194446778,103.94932305553937,2.0
81181,54445,Dakota Stn Exit A/Blk 99,1.30845544825732,103.88847214403827,2.0
42059,54346,Opp King Albert Pk Stn,1.33679896138996,103.78180146215335,2.0
64491,54345,Hougang 1,1.37513027801163,103.87905166700338,1.0
54181,54286,Mayflower Stn Exit 6,1.37053305192374,103.83653495602836,1.0
59181,54276,,,,
11141,54092,Queenstown Stn Exit A/D,1.29463705145492,103.80582510668432,1.0
42099,54061,Beauty World Stn Exit A,1.34160317659437,103.77579384383286,2.0
84351,54039,Bedok Ctrl PO,1.32766562447954,103.93409675152876,2.0
68119,53903,Aft Seletar Camp G,1.402186,103.872168,1.0
44221,53661,Opp Pending Stn,1.3762995851872,103.77099428887408,1.0
76131,53652,UOB Tampines Ctr,1.35184112001279,103.94254133694142,2.0
63099,53624,Blk 106,1.35357948490597,103.89097410968796,1.0
84061,53441,The Tanamera Condo,1.32584790501258,103.94223128727673,1.0
52279,53372,Blk 56,1.33702420555118,103.84992957112875,1.0
92111,53289,Opp Roxy Sq,1.30477657929676,103.90293341562068,2.0
27271,53274,Blk 962,1.34199989028017,103.69132051378558,1.0
75351,52935,Tampines Wafer Fab Pk,1.37364163782281,103.93077504302,2.0
81029,52903,Aft Lor 28 Geylang,1.313616389,103.8849306,2.0
7529,52834,JLN BESAR STN EXIT A,1.30431906266143,103.85501564257024,1.0
28659,52810,IMM Bldg,1.33446189256828,103.74767782537164,1.0
54311,52778,Blk 332,1.36143610819625,103.85257506359628,2.0
63281,52742,Blk 105 Mkt/FC,1.3541297220266,103.8898808330127,1.0
72019,52735,Opp Blk 322,1.32884628389091,103.90546507501656,1.0
17201,52642,,,,
10191,52323,Blk 78,1.28860026020096,103.81903121724014,1.0
40189,52188,Newton Stn Exit B,1.312274,103.8381,1.0
54281,51985,Blk 570,1.369694,103.855165,2.0
50211,51981,Opp Balestier Pt,1.32306968689436,103.8525670514891,1.0
76149,51964,Opp Tampines Stn/Int,1.35370728527221,103.94636710560508,1.0
81081,51920,Opp Aljunied Stn,1.31621665907428,103.88168156879212,2.0
63341,51892,Opp Blk 709,1.36751402871615,103.88882988119938,1.0
19011,51880,Blk 19A CP,1.30781638901709,103.78423666696617,1.0
11521,51744,Anchorpoint,1.2885710102662,103.80543003047168,1.0
4167,51588,City Hall Stn Exit B,1.29250006522444,103.85145315468638,1.0
28331,51419,Blk 229,1.34204392869092,103.73804926872124,1.0
20109,50972,Aft Clementi Fire Stn,1.32085220079341,103.76206999856429,2.0
82109,50914,City Plaza,1.3151892235607,103.8933177448138,2.0
66339,50787,Blk 101,1.37125183222903,103.8705580506852,1.0
59399,50505,Opp Blk 367,1.43026750784845,103.84552062872451,1.0
42051,50056,King Albert Pk Stn,1.33598305556873,103.78263611110306,1.0
40239,49845,BEF STEVENS STN EXIT 4,1.322585278,103.8262153,1.0
59051,49811,Blk 790,1.41968270185637,103.83429674432548,1.0
72011,49810,Blk 322,1.32816499999482,103.90548361097667,1.0
59421,49676,Blk 624,1.41762836917061,103.8351341252188,1.0
59469,49630,Blk 419,1.42357927683882,103.84747960044407,2.0
96219,49617,Tanah Merah Ferry Ter,1.31520306285456,103.98889428788505,1.0
54019,49426,Blk 307A,1.36618666697727,103.84418333302727,1.0
48131,49423,S'Pore Zoo,1.40462388269986,103.78935694475769,1.0
45069,49381,Aft Mandai Est,1.4069390779681,103.75626773948964,1.0
11149,49381,Queenstown Stn Exit B/C,1.29506407111991,103.80596280094792,1.0
84219,49359,Blk 139,1.32940888887166,103.9348130555732,2.0
71099,49353,Blk 311,1.33022638900189,103.9038336109893,1.0
11159,49303,Aft Ch Of Our Saviour,1.29800440816386,103.8036265685558,1.0
64119,49194,Blk 953,1.37679164872283,103.87713655364794,2.0
59389,49192,Opp Blk 314,1.43202071867504,103.84208246442348,1.0
52189,49164,Toa Payoh Stn,1.33318499999452,103.84678305554864,1.0
54189,49150,Mayflower Stn Exit 5,1.37046966291161,103.83679073259783,1.0
84451,49147,BEDOK NTH STN EXIT A,1.335644,103.918055,2.0
65259,49120,Punggol Stn/Int,1.405351944,103.9018719,1.0
76241,48977,Blk 497D,1.35845802746258,103.9591705812204,2.0
60221,48970,BLK 73/GEYLANG BAHRU STN,1.32212380559601,103.87081431318352,1.0
80109,48962,Opp Kallang Stn/Blk 2C,1.31324473748019,103.871430158598,1.0
64341,48738,Bef Blk 683,1.3729130421635,103.88633750747994,1.0
84029,48615,Opp Blk 32,1.32295305994698,103.92517704260584,1.0
44691,48602,BLK 485,1.38826258050731,103.7714646491703,1.0
54011,48536,Blk 207,1.36567044820875,103.84341042482096,2.0
62059,48522,Blk 161,1.35170138896709,103.87859583297929,1.0
54319,48490,Opp Christ The King Ch,1.36205969144532,103.85305482306448,1.0
10349,48358,Blk 116,1.284977,103.821011,1.0
84471,48218,Blk 745,1.3373330466218,103.92199745160045,2.0
53041,48152,Bef Thomson Ridge,1.353099,103.834337,2.0
60141,48139,Opp Bendemeer Pr Sch,1.32258753768004,103.86385682733588,1.0
81011,47968,Aft Aljunied Stn,1.31532318660502,103.88335173265862,1.0
52369,47835,Blk 237,1.34001833298065,103.85273333299853,2.0
52509,47395,Opp Toa Payoh Swim Cplx,1.33115712303762,103.85017633434693,1.0
40231,47207,Raffles Town Club,1.32230868317131,103.82577145824762,2.0
51071,47183,MacRitchie Resvr,1.34219256998908,103.83596576505084,2.0
63291,47045,Opp Blk 115,1.35225002342978,103.88785804760477,1.0
75251,46859,Opp Tropica Condo,1.3494983330038,103.92783361101397,2.0
44149,46852,Opp Phoenix Stn,1.37798495709362,103.75776732086608,1.0
66481,46814,Opp Blk 968,1.3791866640778,103.8783096213561,2.0
19031,46746,Dover Stn Exit A,1.31123416666912,103.778383611132,1.0
70281,46674,Aft Tai Seng Stn,1.33530627797371,103.8879999999696,1.0
67379,46651,Opp Blk 313 CP,1.3927256179225,103.88700896307408,1.0
10139,46587,Blk 1,1.28635135443034,103.8081000223439,2.0
61101,46394,Blk 120,1.33560138948489,103.86370334032118,1.0
11511,46365,Alexandra Hosp,1.2859468736223,103.80251884462383,1.0
10018,46326,OUTRAM PK STN EXIT 6/SGH,1.27900819665099,103.8386036062196,2.0
81211,46325,Geylang Polyclinic,1.31904666371972,103.88666750777982,1.0
81031,46294,Blk 134,1.31580283030533,103.88604854571838,1.0
44299,46274,Cck Polyclinic,1.38177250001353,103.75131333302434,1.0
44689,46099,Sunshine Pl,1.37811000397911,103.73849893266107,1.0
52179,46055,Braddell Stn/Blk 106,1.34069018059141,103.84803485038329,1.0
46399,45938,Aft 888 Plaza,1.43896035246776,103.79423705109248,1.0
67449,45918,Blk 323B,1.39203289077574,103.89307115004728,1.0
56099,45677,Springleaf Stn Exit 2,1.39606817759915,103.8188299218487,1.0
11261,45671,Holland Village,1.31223168432152,103.79444621838488,1.0
10199,45653,Delta Swim Cplx,1.28875723330649,103.81936618662203,1.0
28399,45649,Blk 458,1.34974947213063,103.71964821094636,1.0
76351,45569,Blk 484,1.36213822350227,103.95309131019368,2.0
53049,45558,Bef Jln Todak,1.35362664583092,103.83422172361446,1.0
54391,45361,Aft Ang Mo Kio Int,1.37161972202016,103.8482886110145,2.0
65439,45202,Blk 220C,1.40172529138051,103.89631809709375,2.0
11401,45179,Holland V Stn/Blk12,1.30906722197973,103.79507444402137,1.0
50221,45142,Bef Blk 104,1.32143805851672,103.8530377626759,1.0
13121,45068,Opp Great World City,1.29409221679274,103.8308377640795,2.0
28291,44940,Blk 303,1.34446090409168,103.73638303040048,2.0
59069,44909,Opp Blk 757,1.42657294826877,103.83536957259516,2.0
84041,44823,Blk 221A,1.3246905167586,103.93468799273931,2.0
40181,44793,Newton Stn Exit A,1.312641,103.838298,2.0
11019,44711,Bef Blk 2,1.28679632523156,103.80565677295324,2.0
27279,44591,Blk 953,1.34210239034142,103.69119289371211,2.0
28649,44450,Blk 286A,1.33901303401774,103.7460343930108,1.0
84239,44384,Opp Blk 85,1.33151836127292,103.9383568845181,2.0
58019,44364,Aft Sembawang Shop Ctr,1.44085,103.824719,1.0
7231,44320,Bef Tai Hoe Hotel,1.309658889,103.8573711,1.0
84479,44304,Blk 713,1.33742106440195,103.92253160478629,1.0
58011,44237,Opp Sembawang Shop Ctr,1.44135611418225,103.82418746836298,2.0
76421,44217,Opp Blk 331,1.35384124345467,103.95987193850507,2.0
28341,44149,Chinese Gdn Stn,1.34247027799798,103.73271277802048,1.0
52331,44119,Blk 27,1.33246306626276,103.85581029367948,1.0
84529,43996,Blk 109,1.33213305553955,103.93431305555218,2.0
70211,43885,Blk 90,1.32362166702646,103.88696166698932,2.0
44621,43872,Opp Concord Pr Sch,1.37922934454518,103.7371005019796,1.0
11029,43848,Blk 166/Aft Mei Chin Rd,1.29013472201419,103.80202111098816,2.0
66379,43746,Blk 206,1.35339155862192,103.87285801649963,1.0
44699,43744,BLK 457,1.38805300466507,103.77154344868076,1.0
76079,43627,Blk 101,1.34794388891649,103.94563500000056,1.0
2049,43553,Raffles Hotel,1.29452091230981,103.85402155505172,1.0
45439,43552,Opp Blk 661,1.40127194398549,103.75115527801049,1.0
47521,43407,,,,
21011,43400,Aft Jurong Lake,1.32534328766029,103.72866849877528,2.0
11419,43361,Holland V Stn Exit A,1.31102981378085,103.79604399202724,2.0
21371,43338,Blk 680C,1.34522722613512,103.70617873626036,2.0
7539,43169,Bef Rochor Stn Exit B,1.30461300741211,103.8520009720951,1.0
4111,43099,Capitol Bldg,1.29395444170081,103.85139096636622,2.0
75279,43049,Opp Blk 721,1.3604749400553,103.93620400344062,1.0
72069,42979,Blk 121,1.33150994155892,103.90977961908514,1.0
7371,42970,Aft Kallang Rd,1.30950750000455,103.86350138902452,2.0
56091,42926,Springleaf Stn Exit 3,1.3962,103.818459,1.0
21379,42867,Blk 263,1.34534855216089,103.7064891298892,1.0
65251,42854,Punggol Stn/Waterway Pt,1.40502618974463,103.90299618971392,2.0
75151,42815,Opp Blk 871A,1.35451781224143,103.93145206236656,2.0
6051,42727,Blk 55,1.28475980959972,103.83405671725488,1.0
70181,42696,Blk 36,1.32886177068404,103.88691723349125,1.0
92121,42624,Opp The Holy Family Ch,1.30722207111074,103.90676515165585,2.0
76359,42605,Blk 493B,1.36209168075863,103.95217875196944,1.0
59059,42588,Blk 608,1.42054602879781,103.83497942324875,2.0
1059,42588,Bugis Stn Exit B,1.30075679526626,103.85611040457584,1.0
9023,42494,Opp Orchard Stn/ION,1.30323727330942,103.83254180023424,2.0
81049,42426,Aft Lor 34 Geylang,1.314075556,103.8873525,2.0
1121,42416,Stamford Pr Sch,1.30393809691048,103.85867999243207,2.0
8111,42324,Winsland Hse,1.29986928715834,103.84093746088924,2.0
16019,42231,Haw Par Villa Stn,1.28278078585184,103.78217614858188,2.0
53379,42196,Blk 245,1.36018670154842,103.84386020713475,1.0
65171,42103,Coral Edge Stn Exit B,1.39452041732154,103.91205304613206,1.0
59391,42056,Blk 342B,1.43021107363512,103.84523111093658,1.0
14169,42026,Opp Telok Blangah Stn,1.27118550385957,103.80941810434496,2.0
44629,41932,Blk 457,1.37851168892339,103.73644907938714,1.0
75349,41738,The Clearwater Condo,1.33811824869625,103.9339578151498,2.0
60089,41702,Opp St. Andrew'S Village,1.32865054961465,103.86615967295366,1.0
44099,41649,Opp Choa Chu Kang Mkt,1.37631844004137,103.74462947882311,1.0
44041,41582,Junction 10,1.3809505774787,103.7603697770399,1.0
52081,41578,Aft Blk 195,1.33081389290944,103.8608407974236,1.0
50021,41513,United Sq/Bef Novena Stn,1.3173533543911,103.84421700922243,2.0
65029,41476,Blk 111,1.38461500003195,103.90061583298268,1.0
66489,41344,Blk 969,1.37889334025536,103.8789799431682,1.0
14161,41322,Telok Blangah Stn,1.27075866533548,103.81009913005327,1.0
60179,41194,MOM Svcs Ctr,1.32634025655419,103.86834025123764,1.0
70221,40987,Blk 79 FC,1.32620809233247,103.88512100988676,2.0
28651,40978,Opp IMM Bldg,1.33515192012369,103.74794188238828,2.0
28639,40920,Blk 288E,1.34045649755771,103.74395996871245,1.0
64101,40786,Opp Gracehaven S Army,1.37212119701131,103.87653938842564,1.0
75341,40782,Opp The Clearwater Condo,1.33832204097015,103.933861255669,1.0
14121,40755,Opp HarbourFront Int,1.26591350024271,103.8192566062178,1.0
63221,40621,KOVAN HUB,1.35799327947024,103.8855063915276,1.0
59231,40604,,,,
21609,40544,Opp Blk 364,1.33775166774993,103.72102625466782,2.0
28459,40516,Opp Parc Oasis,1.34440772894012,103.7343152870331,2.0
52089,40493,Opp Blk 195,1.32991690265608,103.86027368842302,1.0
78061,40395,Opp Pasir Ris Polyclinic,1.36824361151738,103.95848117561664,2.0
92129,40383,The Holy Family Ch,1.30686400495083,103.90646134135643,1.0
72061,40359,Blk 122,1.33177922756641,103.9098393917043,2.0
84051,40229,Bedok Sports Cplx,1.32520077474542,103.93890484697742,2.0
84119,40210,Opp Temasek JC,1.31964,103.935232,2.0
54081,40158,TECK GHEE CT,1.36358972199933,103.84786694396756,1.0
77331,40091,Blk 747A,1.3782973982979,103.93338764757787,2.0
20231,40067,Bef Hasanah Mque,1.32234407286907,103.7394439595661,2.0
59579,40019,Blk 456,1.420294,103.843953,1.0
52271,39962,Jackson Sq,1.33683113907107,103.84974718092391,2.0
65149,39892,Bef Soo Teck Stn,1.40444046572287,103.89692479945528,2.0
66381,39809,Opp S'Goon Stn Exit F,1.35020472222222,103.8712252777778,2.0
59169,39807,Bet Blks 201/202,1.4304570083984,103.83769416711104,1.0
84211,39794,BLK 403,1.33012,103.93447,1.0
84359,39791,Opp Bedok Ctrl PO,1.32787704925987,103.934076210002,1.0
96289,39778,Changi General Hosp,1.34005496226354,103.94838106593956,1.0
50201,39677,Shaw Plaza,1.32495,103.85092,1.0
43191,39543,Blk 288C,1.34638,103.759219,1.0
13091,39511,AFT KIM YAM RD,1.29593138900491,103.83937805601916,2.0
59411,39450,Blk 356,1.42521425593657,103.84572707357924,1.0
28061,39393,J Gateway,1.33596390763107,103.74254813709638,1.0
4142,39322,Armenian Ch,1.2930982644668,103.84965994500728,2.0
10091,39260,Bt Merah Town Ctr,1.28394108576437,103.81783962251122,1.0
84651,39203,Aft Heartbeat @ Bedok,1.327057,103.930691,2.0
64489,39117,Blk 946A,1.37488764981722,103.88067688397112,2.0
63219,39070,Bef Yio Chu Kang Chapel,1.368497,103.876166,2.0
20101,39058,Nan Hua Pr Sch,1.31993714188512,103.76221926730372,1.0
63211,39042,Blk 138,1.36816,103.875784,1.0
92079,38968,Marine Terr Stn Exit 1,1.30684575808096,103.91574700260745,1.0
63051,38890,Opp Blk 370,1.36415166798646,103.8891427848695,1.0
46119,38845,Marsiling CC,1.44101545973486,103.77252382232057,1.0
92239,38772,Blk 45,1.30438002120698,103.9126611094076,1.0
60229,38771,Blk 68,1.32258108743147,103.87024013608315,2.0
59711,38632,Blk 672C,1.418198,103.8427135,1.0
59171,38518,Blk 309,1.43226509746155,103.84019665786346,1.0
76549,38515,Opp Citylife@ Tampines,1.360559,103.940515,2.0
54231,38499,Blk 129,1.36966012463918,103.84193909880943,2.0
14381,38469,Blk 109,1.27413014152159,103.82554290547176,1.0
67529,38413,Opp Blk 157A,1.38731666838873,103.9092635072425,2.0
83119,38384,Opp Blk 16,1.32306974700238,103.90560762847844,1.0
5131,38371,Opp Hong Lim Cplx,1.284073056,103.8453381,1.0
67661,38367,,,,
64201,38283,Aft Hougang Ave 3,1.36172833297814,103.89420777799334,1.0
10049,38246,OPP KAMPONG BAHRU TER,1.27623302424393,103.83483786772156,2.0
59139,38237,,,,
4168,38201,Aft City Hall Stn Exit B,1.29208221483052,103.85125994680256,1.0
44091,38201,Bef Choa Chu Kang Mkt,1.37647222708666,103.74421611501322,2.0
63361,38174,Opp S'Goon Sports Cplx,1.35744648841295,103.87383985365209,1.0
59601,38093,BLK 391,1.429842,103.849376,1.0
70059,38058,Blk 7,1.33477611102342,103.8783116670176,1.0
65431,38021,Twin Waterfalls,1.40238938083661,103.89673562171808,1.0
64111,37962,Opp Blk 953,1.37594188334629,103.87684285462154,1.0
96129,37922,Melville Pk,1.3474583546739,103.95795115114063,1.0
11021,37887,Aft Queenstown NPC HQ,1.28941805603102,103.80228694398484,1.0
52051,37854,BLK 147,1.34338820709349,103.85469257245784,2.0
96121,37765,Metta Welfare Assn,1.34719360554366,103.95776019526971,2.0
53281,37765,Blk 169,1.34665638902153,103.85432083296934,2.0
13099,37703,BEF KIM YAM RD,1.29578024244395,103.839612720812,1.0
44329,37662,Bangkit Stn,1.38021501052151,103.77257633645274,1.0
10089,37642,Blk 119,1.28292332245689,103.82165660905856,2.0
76099,37614,Blk 285,1.35026359502623,103.95249172187374,1.0
92071,37558,Marine Terr Stn Exit 4,1.306815,103.914746,1.0
63299,37458,Blk 115,1.35263165715857,103.88833522800788,1.0
64471,37427,Blk 917,1.37454805598778,103.8839677779891,1.0
3509,37391,Bayfront Stn Exit B/MBS,1.28314999997332,103.86004388891767,1.0
43499,37370,Blk 419,1.36259558126251,103.74686723054008,2.0
46791,37252,Blk 722,1.44569499940057,103.79963351229269,1.0
7551,37247,Fu Lu Shou Cplx,1.30171975809706,103.8546132267025,1.0
63011,37206,Opp Upp S'Goon Shop Ctr,1.35432115760902,103.87823575937183,1.0
22599,37109,Blk 678D,1.3443608,103.7034508,1.0
6171,37029,Opp State Ct,1.286101944,103.8425356,2.0
1319,36929,Lavender Stn Exit A/ICA,1.30757426746418,103.86325596123476,1.0
7517,36875,IBIS S'PORE ON BENCOOLEN,1.30145216158073,103.85247781934106,1.0
1229,36848,Bef Sultan Mque,1.30337552638813,103.85963089198265,1.0
54381,36829,Blk 443,1.3657416739059,103.85608617430734,1.0
75231,36812,Opp Temasek Poly,1.34707779444929,103.93265533979496,1.0
13051,36760,Opp Valley Pt,1.29334305906356,103.8263656209055,2.0
4121,36758,SMU,1.29618544092334,103.84958029974612,2.0
70171,36728,Blk 77,1.32833666697134,103.8854713890276,1.0
28501,36695,Blk 490,1.34980328426271,103.72737769835274,1.0
41021,36690,Botanic Gdns Stn,1.32264999998361,103.81554000003176,1.0
59409,36664,Evangel Family Ch,1.42663883088373,103.84640616622914,1.0
43491,36594,Blk 331,1.36395398644152,103.74714799810218,1.0
59008,36488,,,,
77201,36461,Pasir Ris Elias CC,1.37864001176536,103.94276350247948,2.0
28631,36422,Opp Blk 288D,1.34053157728505,103.74418616293988,2.0
21431,36392,Blk 210,1.34765638897246,103.71241055602675,1.0
28509,36317,Blk 422,1.35003470887569,103.72654009750788,2.0
52339,36302,Opp Blk 26,1.33287166703192,103.8558608329901,2.0
75159,36268,Blk 874,1.35405115206724,103.93146643451304,1.0
84521,36246,Blk 506,1.33230500002897,103.93393805556472,1.0
64389,36245,Blk 522,1.37313809346006,103.8915681838848,1.0
40359,36183,Opp Blk 461C,1.35540218970451,103.74090581028908,1.0
64479,36105,Blk 665,1.374401340713,103.88353995121632,2.0
17121,36049,Blk 610,1.30476410258543,103.76944539352432,2.0
43069,36048,HILLVIEW STN EXIT A,1.36296778241046,103.76768583722072,2.0
43199,35851,Ch Of St. Mary,1.34663409083885,103.75920055445124,2.0
40381,35830,Blk 111,1.35636,103.73427,1.0
26269,35818,Bef Tuas Sth Ave 4,1.3143583329901,103.62895500001656,1.0
63019,35799,Aft Upp S'Goon Shop Ctr,1.35347964311763,103.87800141702434,1.0
67591,35573,Blk 286B,1.39790048032037,103.8953647897483,2.0
54239,35511,Blk 209,1.369186093503,103.84332015576304,1.0
55189,35483,Yio Chu Kang Stn,1.382955556,103.844225,2.0
45401,35413,Blk 681,1.40279972616248,103.74594266826703,1.0
57111,35398,Opp Blk 101,1.43123622644607,103.82654938929034,2.0
52311,35393,,,,
52129,35391,Blk 29,1.32544666698102,103.85938111100756,1.0
27389,35354,Gek Poh Shop Ctr,1.34845180903204,103.6981043781398,1.0
44241,35338,Opp Lompang Rd,1.38117443945082,103.76586096715349,1.0
59251,35311,Opp Darul Makmur Mque,1.43669132626001,103.83368337352286,1.0
54291,35275,Blk 564,1.36918861426324,103.85886147831552,2.0
44301,35253,,,,
11119,35238,Farrer Rd Stn Exit A,1.31747833490912,103.80785606728588,2.0
92249,35187,Opp Amber Gdns,1.30166304472072,103.9011814962942,1.0
21019,35164,Aft Yuan Ching Rd,1.32554867828642,103.7270331798862,1.0
1139,35150,Bugis Stn/Parkview Sq,1.30033057855542,103.857160806659,1.0
64409,35095,Blk 477A,1.37820165544364,103.90352727356866,1.0
77321,35048,Aft Pasir Ris St 53,1.37313477197799,103.94802646457003,1.0
16011,35044,Opp Haw Par Villa Stn,1.28277766355314,103.78186930413445,1.0
81171,35021,Blk 39,1.30751703730041,103.88500750064324,2.0
46189,34986,Blk 12,1.44008271628617,103.77854042726402,2.0
4249,34903,Opp The Treasury,1.29043039362749,103.850262165082,1.0
7379,34877,Aperia/Bef Kallang Rd,1.31017336740849,103.86338225534828,1.0
4223,34865,Old Hill St Police Stn,1.29084476137495,103.84857901022669,2.0
10131,34846,Opp Blk 2,1.28619141382394,103.80686549059318,1.0
67371,34810,Blk 313 CP,1.39259972198676,103.88713972197542,1.0
82119,34759,Tg Katong Cplx,1.31619210726015,103.8940879247112,1.0
28329,34710,Blk 246,1.3414709231345,103.74043571670435,2.0
92059,34620,Marine Pde Stn Exit 6,1.304086,103.907533,1.0
57129,34615,Blk 114,1.43418656873084,103.82641445936883,1.0
77011,34563,Opp Blk 515,1.37376489998905,103.9426659000156,2.0
54589,34529,Blk 555,1.37173441613541,103.85671893941708,2.0
9011,34390,Opp Ngee Ann City,1.30211335092372,103.83431672376756,2.0
17061,34374,Blk 701,1.30775834752765,103.76180505768346,1.0
44551,34208,Opp Blk 486,1.37602460873449,103.73843005883766,1.0
28249,34179,Jurong East Lib,1.332605,103.739045,2.0
59449,34113,,,,
25429,34071,TUAS LINK STN,1.34055807307548,103.63696536000046,1.0
84249,34070,Blk 124,1.32941668893627,103.9396062233218,2.0
52269,34055,Blk 73,1.33404239936331,103.85147452356613,2.0
1012,34048,Hotel Grand Pacific,1.29684825487647,103.85253591654006,2.0
54199,34027,Bef Mayflower Stn Exit 3,1.37430000000968,103.83767277798232,1.0
81219,34021,Opp Geylang Polyclinic,1.31877141262042,103.8866869928233,1.0
67481,34017,Fernvale Stn/Blk 439A,1.39149794105559,103.87764586518084,2.0
84361,33996,Blk 547,1.32936638901809,103.92462499999526,1.0
13139,33979,The Trillium,1.2950426189642,103.83205533028764,1.0
54329,33961,Blk 420,1.36449772525141,103.85247983714416,1.0
27131,33902,Blk 932,1.34193999997072,103.6885297219715,1.0
76189,33894,Opp Blk 216,1.3537000000187,103.95279611102576,2.0
66101,33877,Blk 516,1.37094045484466,103.87325896613376,1.0
64109,33866,Gracehaven S Army,1.37202330151763,103.87690900449827,2.0
64461,33705,Blk 579,1.37938472998807,103.88640309201648,1.0
9213,33684,15 Scotts,1.30783805600034,103.83305083303024,2.0
29031,33673,Aft Penjuru Pl,1.31653138767966,103.73538661201252,1.0
59461,33670,Opp Blk 419,1.4233562505923,103.84695938114268,1.0
68011,33621,Bef Jln Kayu,1.3913169267408,103.8701030697383,1.0
80251,33572,Aft Lor 14 Geylang,1.31009487384598,103.87992501726276,2.0
64059,33555,Blk 355,1.37249135705281,103.8983747045234,1.0
19089,33546,Acs Independent,1.30370305599194,103.7818438890004,1.0
64401,33542,Opp Blk 477A,1.37839309319848,103.9032366204475,1.0
46799,33337,Blk 786A CP,1.44586617373151,103.79970850070715,1.0
28641,33318,Blk 284,1.33917889755759,103.74610320575732,2.0
59241,33304,,,,
28451,33278,Parc Oasis,1.34394189080479,103.73465998158574,1.0
64071,33266,Opp Punggol Pk,1.37514056376267,103.89724811886428,1.0
65031,33261,Blk 227D,1.38711144385727,103.90167760841292,2.0
76221,33222,TAMPINES EAST STN EXIT A,1.3563896244901,103.95390226733991,1.0
10371,33168,Blk 129,1.28365072319387,103.824502653383,1.0
27351,33043,Blk 715,1.34423200986065,103.69613170622604,2.0
66609,33038,Opp Blk 991A,1.385071,103.882087,1.0
78111,33032,Blk 479,1.37545781179514,103.95798631897796,2.0
44771,33005,Fajar Stn,1.38458556236413,103.77079566381067,1.0
77051,32946,Blk 115,1.36908504460753,103.95508527984948,2.0
43171,32889,Blk 229,1.34859644473183,103.75460496382075,2.0
44731,32876,Opp Blk 180,1.37887883000016,103.7643273299774,1.0
46179,32865,,,,
60031,32853,BEF GEYLANG BAHRU STN,1.3204097072077,103.87007832529532,2.0
7011,32851,Peace Ctr,1.30099699058522,103.8498101874305,2.0
60199,32770,Boon Keng Stn/Blk 22,1.3179530560114,103.8612788890282,1.0
83321,32770,Kembangan Stn,1.32168778524368,103.9136543376456,1.0
46841,32757,,,,
52321,32746,Aft SAFRA Toa Payoh,1.3312589884768,103.8527071071997,1.0
67599,32668,Opp Blk 293D,1.3972004371065,103.89490664468322,1.0
46088,32667,Blk 25,1.44180914262822,103.7710866059444,1.0
54299,32647,Opp Blk 565,1.36890152697813,103.8583265688086,1.0
17069,32632,Opp Blk 701,1.3077663717505,103.76214066046376,2.0
11101,32562,Empress Rd Mkt/FC,1.31614971080385,103.80596012189226,1.0
59571,32525,Opp Northbrooks Sec Sch,1.42072559126348,103.84373330710623,1.0
5012,32487,Bef Pearl'S Hill Terr,1.28154583300728,103.840877221995,2.0
43179,32436,Blk 231,1.3489707828044,103.75430345301592,1.0
2061,32429,The Esplanade,1.2899638888957,103.85640388886262,2.0
75259,32423,Tropica Condo,1.34913805600656,103.92798027801848,1.0
11179,32418,Blk 8,1.30627521395682,103.79427940117534,2.0
11111,32390,Farrer Rd Stn Exit B,1.31780157259006,103.80771866952544,1.0
66579,32383,BLK 998B,1.38402973472559,103.88070409002007,1.0
75131,32264,Bet Blks 701/702,1.35594818346107,103.93709646027764,1.0
27531,32202,Blk 918,1.34052795177305,103.68697304819686,1.0
1029,32181,Opp Natl Lib,1.2966729849642,103.85441422464268,1.0
50059,32129,Opp Thomson Med Ctr,1.325264,103.842208,1.0
28321,32094,Blk 239,1.34127166427214,103.74090313908256,1.0
27369,32064,Blk 834,1.34285373346865,103.6941039562493,1.0
59249,32060,,,,
84539,32059,BEDOK NTH STN EXIT B,1.3350342184363,103.91851751540032,1.0
53289,32041,Zion Bible Presby Ch,1.347206111,103.8545811,1.0
75271,31971,Blk 721,1.36024833439953,103.93601495043112,1.0
14379,31962,Blk 40,1.27243833303297,103.82379361102517,1.0
43061,31945,Hillview Stn,1.36301133873589,103.76739148459212,1.0
58119,31930,Blk 502A,1.45099925490468,103.82102323159113,2.0
64049,31901,Opp The Midtown,1.3703713899857,103.89603248614272,1.0
77059,31839,Blk 425,1.36936138996292,103.95506338293472,1.0
65271,31827,Opp Blk 188,1.400166,103.910274,2.0
13019,31820,NAPIER STN EXIT 1,1.3067380217198,103.82013079894884,2.0
54191,31806,Mayflower Stn Exit 2,1.37447193336668,103.83756404776229,1.0
52539,31790,,,,
28529,31733,Blk 441,1.35117921308914,103.7206511492765,2.0
67521,31714,Blk 160,1.38710967446608,103.90839913039454,1.0
65021,31700,Opp Blk 110,1.38403136207098,103.89961345545082,2.0
44459,31696,Opp South View Stn,1.38028731431529,103.74454562435122,2.0
47611,31664,Northoaks Condo,1.44388706173517,103.80622284389754,1.0
84499,31604,Blk 140,1.33520779235718,103.9140158060256,2.0
66421,31555,Blk 537,1.37365500000249,103.87340722201968,1.0
53371,31550,Blk 257,1.35994333341045,103.84379568310376,2.0
64041,31535,The Midtown,1.37016500002901,103.89535999996713,1.0
21561,31524,Blk 158,1.328801,103.722753,1.0
44131,31449,Blk 26,1.37710069702793,103.75532192967428,1.0
63041,31430,Opp Glad Tidings Ch,1.36259166703136,103.88754805602412,1.0
43379,31422,Blk 185,1.34716553724092,103.74518662694209,2.0
82099,31217,CDAC Bldg,1.31299461549467,103.89427184817764,1.0
91091,31207,Bef Kg Kayu Rd,1.30314976548218,103.8843684534534,1.0
10379,31187,Blk 25B,1.28373603376667,103.82489520929732,1.0
44639,31172,Bt Panjang Plaza,1.38006972221146,103.76396027777982,1.0
21601,31155,Blk 357,1.33727029608815,103.72109770581518,1.0
57089,31035,Blk 713,1.42740500891774,103.82685672676006,1.0
28289,30974,Blk 228,1.34238972202327,103.73598888901056,1.0
43539,30962,Opp Blk 140,1.35142277800259,103.7433686110311,2.0
28441,30940,Seventh-Day Advent Ch,1.33576638902918,103.73884916698128,2.0
10189,30864,Blk 104A CP,1.28858805222806,103.82183192865196,1.0
59591,30858,,,,
46489,30792,Aft Gambas Ave,1.44952095631928,103.80160651744906,2.0
55139,30755,BLK 641,1.37894011617745,103.84007487448596,1.0
66051,30744,Opp Blk 257,1.35585499445871,103.87196190877664,1.0
84661,30733,Blk 172,1.31992811557233,103.94438908816848,1.0
46181,30728,Opp Blk 12,1.44015882292646,103.778867882596,1.0
92241,30711,Amber Gdns,1.30178441800843,103.9009525469614,1.0
20031,30702,The Infiniti,1.32055987103977,103.75464677812964,2.0
50179,30653,Opp Zhongshan Mall,1.32640402126103,103.8464203281907,2.0
43751,30598,Opp Blk 443D,1.356298,103.736664,1.0
80119,30585,Aft Geylang Rd,1.30992065473549,103.87599804972947,1.0
75141,30553,Blk 730,1.35625000000112,103.93377888890949,1.0
46531,30466,Blk 173,1.43240249999047,103.77751138903017,2.0
64019,30361,Blk 302,1.368308353364,103.89393838248247,1.0
22349,30293,Blk 734A CP,1.34520537289138,103.7007962851633,2.0
98101,30261,Loyang Pt,1.36705781222851,103.96535083584568,2.0
27439,30246,Blk 861,1.34941077845235,103.6971171383191,1.0
19071,30178,Opp Acs Independent,1.30515500002931,103.7810830559728,2.0
84391,30108,,,,
41041,30097,Coronation Plaza,1.32398472197176,103.8102991670086,1.0
6029,30095,OUTRAM PK STN EXIT 1,1.28177041153491,103.8383828488293,1.0
43529,30090,Opp Bt Batok Driving Ctr,1.36769649857951,103.7502379581868,1.0
76231,30046,Opp Blk 390,1.35666908955685,103.95736200626966,2.0
59719,30045,Opp Blk 672C,1.41756544907262,103.84200497226853,1.0
76541,30042,Citylife@ Tampines,1.360247,103.940633,1.0
54031,30027,Opp Al-Muttaqin Mque,1.37008641040706,103.84534111753092,2.0
14269,30003,Blk 10,1.27758480623244,103.81999451121168,1.0
63049,29944,Glad Tidings Ch,1.36219166668854,103.88752277779692,1.0
21569,29935,Opp Blk 158,1.32857203912272,103.7228981311344,2.0
44779,29912,Opp Fajar Stn,1.38422184036636,103.77020678944984,1.0
47529,29903,,,,
10099,29873,Opp Bt Merah Town Ctr,1.28420923932422,103.81765723225828,2.0
83081,29809,Opp Perpetual Succour Ch,1.32138694232025,103.91736615804471,2.0
28521,29722,Blk 457,1.35097548065061,103.72120042369096,1.0
84369,29682,Blk 45,1.329162,103.924608,2.0
11529,29674,Bef IKEA Ind Bldg,1.28903120647732,103.8060909305284,1.0
63391,29655,Blk 639,1.3708774514093,103.88018734514236,1.0
54229,29637,Ang Mo Kio Pr Sch,1.36960577947339,103.83993274827546,1.0
45301,29609,Blk 708,1.39184565454372,103.7466351417212,1.0
52481,29586,,,,
52181,29581,Opp Toa Payoh Stn,1.33306633976898,103.84656071660623,2.0
65279,29577,Bet Blks 187/188,1.39929726136961,103.9110340453096,1.0
12091,29570,SIM Campus,1.32918315486756,103.7771471166854,2.0
10181,29534,BEF AR-RABITAH MQUE,1.28850399420484,103.82109741719866,1.0
55169,29494,,,,
30031,29491,Opp Army Logistics Base,1.37461935383489,103.71983865916742,2.0
75139,29394,Blk 863,1.35563964372785,103.9361250375664,1.0
62149,29371,Forest Woods,1.35169173270668,103.87595332312252,1.0
82079,29321,Tg Katong Girls' Sch,1.30801114591342,103.8951960850957,2.0
59381,29318,Blk 314,1.43181131616813,103.84196021620254,1.0
25421,29270,OPP TUAS LINK STN,1.3414665264837,103.63745040018382,1.0
10239,29259,Blk 79,1.29060688839488,103.82865297447871,1.0
84491,29253,Blk 629,1.33463946695939,103.91413940065628,1.0
4239,29181,Opp Clarke Quay Stn,1.28882717929599,103.8474938118651,1.0
43699,29116,Blk 298,1.34475341160997,103.74628307427524,1.0
4149,29024,Grand Pk City Hall,1.29276132399953,103.84983741344308,1.0
65179,29006,Coral Edge Stn Exit A,1.39429582834351,103.91190241454986,2.0
43169,28983,Blk 254,1.349311,103.7579,1.0
44289,28969,Blk 6,1.38140148022937,103.75380266661918,1.0
59761,28930,Blk 504C,1.41849608053432,103.84326740385671,1.0
53121,28928,Marymount Stn,1.35016694219359,103.83947418569127,1.0
13059,28875,Valley Pt,1.29328273601932,103.82663492676832,1.0
22511,28814,Blk 658C,1.33746181720219,103.70029665103546,1.0
14029,28809,Blk 105,1.27247333301883,103.82418777803016,1.0
84111,28786,Temasek JC,1.31958802627855,103.93574197184712,1.0
83059,28750,Mjd Kassim,1.31888900641724,103.912226704262,1.0
42161,28748,Blk 18,1.34027669212035,103.77264625507586,1.0
52109,28735,Bet Blks 33/34,1.32697666701265,103.8581711110213,1.0
64079,28627,Punggol Pk,1.37500833299826,103.89774777801168,1.0
82091,28602,Aft Queen Of Peace Ch,1.31264667096781,103.89411050584133,1.0
60081,28588,St. Andrew'S Village,1.32931226062177,103.8662910461625,1.0
40229,28581,BEF STEVENS STN EXIT 2,1.319241,103.825711,1.0
96281,28580,Opp Changi General Hosp,1.339714,103.94825,2.0
68019,28574,Aft Jln Kayu,1.39106694073297,103.87060612962613,1.0
43349,28566,Opp Princess E Pr Sch,1.34989138902216,103.74073750002216,2.0
9059,28546,Somerset Youth Pk,1.30044251755834,103.8362380421602,2.0
46159,28539,,,,
20299,28513,Blk 501,1.3109280417106,103.7585754404408,2.0
77029,28489,Blk 571,1.373014,103.945543,1.0
63309,28444,Blk 126,1.35205944401441,103.88581055600548,1.0
5029,28440,Boat Quay,1.28712283362119,103.84819780822524,1.0
43521,28428,Bt Batok Driving Ctr,1.36756037490262,103.750164221858,2.0
65011,28360,Opp The Rivervale,1.38159696830765,103.89720951783346,1.0
28689,28357,Opp Toh Guan Ctr,1.33727934409499,103.75440999786484,1.0
75121,28330,Opp Darul Ghufran Mque,1.35593392058986,103.93903255460285,1.0
9111,28295,Opp Four Seasons Hotel,1.30453752623147,103.82914529614987,1.0
78189,28287,Opp Blk 187,1.3646,103.95896,2.0
64481,28257,Bet Blks 930/931,1.37514474329335,103.8807864140804,1.0
29029,28249,Bef Penjuru Cl,1.3136694444723,103.734970813669,1.0
98019,28176,Opp Blk 149A,1.3622609999684,103.96338699998488,1.0
58129,28132,Blk 508 CP,1.45284216119403,103.8198821920911,2.0
70041,28121,Opp Blk 4,1.33340805598283,103.87841250002135,2.0
14281,28077,Safra Mt Faber,1.27699671573899,103.81804377490616,1.0
20021,28047,NEWEST,1.31675923723731,103.75788959223743,2.0
64351,27995,Opp Montfort Sch,1.374811,103.888082,1.0
84481,27990,Aft Bedok Ind Pk C,1.33753167256033,103.91532871743397,1.0
10111,27941,Opp Blk 28,1.28592835098556,103.80935410958448,1.0
46621,27848,,,,
52451,27819,Blk 114,1.3253199216809,103.85731928602708,1.0
42041,27783,The Nexus,1.33442500001261,103.78689111113574,1.0
10151,27749,Ctrl Green Condo,1.28572048365401,103.8285292287095,1.0
63399,27685,Blk 632,1.37022333300436,103.8802849999831,1.0
66109,27672,Blk 151,1.3699792245468,103.8746132395795,1.0
7369,27670,Aft Kallang Bahru,1.31140805601851,103.86237888899062,1.0
62189,27664,S'Goon Stn Exit D/Blk 416,1.35056391832311,103.87470953705504,1.0
82071,27663,Opp Tg Katong Girls' Sch,1.30725334418948,103.89541128171984,1.0
67489,27648,Opp Fernvale Stn,1.39100245036434,103.87708498686096,1.0
43691,27648,Blk 190,1.34490189049397,103.74605567060456,2.0
13069,27628,RV RESIDENCES,1.29488000002792,103.82880805602646,1.0
43531,27618,Blk 140,1.35154868659228,103.7437763360561,1.0
77209,27563,Opp Pasir Ris Elias CC,1.37902915784394,103.94271591238348,1.0
44811,27555,Senja FC,1.38715472588861,103.76020832276008,1.0
50089,27552,Blk 51/Opp Pek Kio Mkt,1.31665493432357,103.85044724612104,1.0
85061,27529,Opp Bedok Mkt Pl,1.33146,103.94739,2.0
63389,27485,Opp Xinmin Pr Sch,1.37063835467565,103.882445169636,1.0
28431,27480,Blk 134,1.33449626498358,103.73881557585636,2.0
55131,27471,BLK 612,1.37986282047018,103.8396597025406,1.0
46419,27428,Evergreen Pr Sch,1.44379,103.79386,1.0
54039,27402,Bef Al-Muttaqin Mque,1.37091786093364,103.84563650364578,1.0
14031,27398,St. Theresa's Convent,1.27624277802151,103.82306027800864,1.0
52341,27393,Pei Chun Public Sch,1.33625777803173,103.85562250002782,1.0
84559,27370,Opp Blks 50/51,1.32833305090006,103.92287121813423,1.0
28439,27354,Blk 124,1.33451434015094,103.7385749816785,1.0
46479,27344,Blk 774,1.44796869795143,103.79840963198184,2.0
67389,27340,Blk 317B,1.39424377787036,103.88869095686496,1.0
21779,27297,Aft Yuan Ching Rd,1.32643572160288,103.72425774502392,1.0
52171,27286,Braddell Stn/Blk 107,1.3409498853794,103.8477798112237,2.0
44281,27252,Blk 8,1.38104915821148,103.75422740795686,2.0
58419,27241,Blk 482A CP,1.4546446175566,103.81583789207468,1.0
27099,27227,Blk 271 CP,1.35023689448473,103.70360999821403,1.0
84229,27187,Blk 111,1.3315995317556,103.93531396427684,2.0
46629,27174,,,,
44861,27144,BLK 636A,1.3866920101757,103.75877312173012,1.0
43161,27126,Blk 272,1.34883190699072,103.75766163401369,1.0
47049,27105,W'Lands Auto Hub,1.45246524141338,103.7925804884025,1.0
84489,27076,Opp Bedok Ind Pk C,1.33804722197723,103.91618833296936,1.0
43341,27057,Princess E Pr Sch,1.34972199038423,103.74139303669511,1.0
27341,27053,Blk 729,1.34663703411498,103.69778819793343,1.0
54571,26967,Blk 532,1.37425472964633,103.85491933752174,1.0
77339,26931,Opp Blk 756,1.3780301775267,103.93278653475954,1.0
46391,26907,Blk 853,1.43921765358175,103.79299454006804,1.0
8058,26887,Aft Dhoby Ghaut Stn,1.2989583431631,103.84654115271174,2.0
1219,26877,Blk 461,1.30526598535719,103.86072019914616,1.0
43759,26855,Blk 443D,1.35596765339105,103.73690126563862,1.0
41081,26851,Sixth Ave Stn,1.33082323351422,103.79727250094408,1.0
42089,26850,Opp Bt Timah Plaza,1.34007090936874,103.77941451542826,2.0
44129,26829,Opp Blk 113,1.37741713631203,103.7509269724908,2.0
44509,26822,Blk 442,1.38081340360597,103.73845177601392,1.0
14159,26814,Bef Chr Community Chapel,1.26994046445496,103.81315419081788,2.0
85069,26780,Bedok Mkt Pl,1.3318,103.94738,1.0
63079,26737,Blk 248,1.35978917315442,103.89296017669749,1.0
42169,26730,Opp Blk 19,1.34038575681297,103.77366130505683,2.0
14131,26729,Caribbean at Keppel Bay,1.26740130257465,103.81675441150335,1.0
81069,26679,Opp Lor 39 Geylang,1.314729,103.89069,2.0
94031,26646,The Summit,1.31504670788151,103.94089937209914,2.0
43409,26641,Opp Blk 127,1.35235542005389,103.74623591627208,2.0
46171,26612,,,,
78181,26610,Bef Blk 187,1.36476141959655,103.95905802330992,1.0
65229,26609,Blk 298,1.403622,103.904916,1.0
15041,26594,Alexandra Retail Ctr,1.274632,103.801892,1.0
28541,26587,Blk 551,1.35235805602121,103.7172600000334,1.0
63109,26558,Blk 172,1.35081444397072,103.88984416702768,2.0
71111,26544,Blk 343,1.3267052749653,103.9005869517766,2.0
84511,26487,Blk 608,1.33206972200071,103.91329416702288,1.0
59159,26474,Opp Yishun Stn Exit B,1.43055466220788,103.8346706884974,1.0
11389,26442,Buona Vista CC,1.30906501014268,103.7929321687807,1.0
14291,26409,Blk 27,1.27468440821038,103.82132649422054,1.0
84221,26393,Blk 109,1.33185798500032,103.93512740972372,1.0
98011,26373,Blk 149A,1.36221388889515,103.96291600002556,2.0
67051,26342,Opp Seletar Hills Est,1.3873944756683,103.87302341120068,2.0
7351,26323,ARC 380,1.31351833300073,103.86054527803076,2.0
65661,26297,,,,
58121,26291,Blk 424A CP,1.45329115486737,103.81929476185202,1.0
54321,26285,Blk 354,1.3639846735447,103.85237785571756,2.0
22491,26271,Blk 662D,1.336702,103.705146,1.0
65019,26268,The Rivervale,1.38151407829697,103.89749237919403,1.0
58511,26252,Blk 104C,1.44964,103.8315,2.0
92101,26198,Katong Shop Ctr,1.30370246223719,103.90129169936806,2.0
43279,26192,Aft Hillview Stn,1.36203855984679,103.76591020179649,1.0
65269,26191,Blk 162B,1.39671015437474,103.91467219472072,1.0
45309,26182,Blk 754,1.3919980495631,103.74665022024048,1.0
62051,26124,Aft Jln Chermat,1.35170429575719,103.87775496869286,2.0
4179,26120,Aft Bras Basah Stn Exit A,1.29647916306741,103.85147164487202,1.0
22501,26114,Blk 662A,1.33769199118033,103.70297133237952,1.0
5069,26107,OUTRAM PK STN EXIT 4,1.28027629959632,103.84029791443083,1.0
65141,26095,Aft Soo Teck Stn,1.40454805557377,103.89716388800268,1.0
59189,26040,,,,
7221,26001,Sri Vadapathira K Tp,1.314966,103.857819,1.0
50209,26000,Aft Pegu Rd,1.32392782849174,103.85158181192296,2.0
59261,25997,Blk 174,1.43755803458153,103.83159143616112,1.0
44121,25993,Blk 113,1.37769846227758,103.75093552549583,1.0
28679,25976,Hitachi Elevator Bldg,1.33661449274468,103.7511045691822,1.0
54271,25974,Blk 586,1.36996326781056,103.85356664655984,2.0
65289,25973,Opp Punggol Sec/Blk 195E,1.40173746082241,103.90762981656071,1.0
63289,25947,Aljunied CC,1.3540116670036,103.88966083299924,1.0
44049,25931,Opp Junction 10,1.38103523807931,103.7608578414621,1.0
46539,25925,Blk 320,1.43209962904173,103.7782236553492,1.0
27091,25916,Opp Blk 271 CP,1.34910999998031,103.70388500000492,2.0
72079,25909,Blk 609,1.33201510811169,103.91201112281274,1.0
80011,25882,AFT PADANG JERINGAU,1.30972720802554,103.86737828692956,2.0
17259,25879,Opp Blk 460,1.31092798217655,103.76746074010758,1.0
43789,25875,BLK 436A,1.35915702140816,103.73950237742632,1.0
62221,25870,Opp The Minton,1.35090140225527,103.88255343944132,1.0
44399,25867,Opp Blk 210,1.38306278590518,103.74851002579776,1.0
27301,25849,Blk 978,1.34045284969365,103.69439784182156,1.0
47551,25834,Blk 630,1.43472623786722,103.8018875523328,1.0
55201,25822,Aft Blk 648,1.37859113966821,103.8443777268119,2.0
70251,25820,Macpherson Stn Exit C,1.32497158481981,103.89037074589528,2.0
72039,25813,KAKI BT STN EXIT A,1.33546648279458,103.90985114690736,1.0
67181,25808,Blk 240,1.39101786005668,103.897780179965,1.0
3129,25741,UIC Bldg,1.27807003532092,103.84956718123824,1.0
75239,25740,Temasek Poly,1.34675259898315,103.9325765583272,2.0
10391,25730,Opp Melati Blk 2,1.27627105343758,103.8312563936613,2.0
10341,25726,Opp Blk 116,1.28484639603431,103.82059301467888,2.0
77179,25690,Opp Pasir Ris Stn Exit A,1.37254332490473,103.95081255052568,1.0
67251,25672,Compassvale Stn Exit A,1.39442862205324,103.9003121852631,1.0
46831,25613,,,,
67041,25580,Opp The Greenwich,1.38802587904105,103.87037184486724,2.0
67049,25571,The Greenwich,1.38773464426252,103.869986495669,1.0
66499,25537,Blk 911,1.37912306945844,103.88326933020046,1.0
11181,25510,Opp Blk 43,1.30722333300814,103.79227638896938,1.0
11269,25481,Opp Holland Village,1.31256112590195,103.79453796697418,2.0
93029,25470,Mandarin Gdns,1.30851455788092,103.92471047692146,2.0
59061,25463,Blk 763,1.42556399229911,103.83495820649408,1.0
67381,25461,Blk 326 CP,1.39459040201234,103.88844266691056,1.0
14389,25452,Aft Radin Mas Pr Sch,1.27428160509375,103.82500895193466,1.0
11009,25444,Ghim Moh Ter,1.3110673548964,103.78932237623977,1.0
83111,25428,Blk 17,1.32346854012914,103.90527311322876,1.0
59641,25423,,,,
46471,25390,Opp Blk 773,1.44796931841747,103.79758820990358,1.0
76091,25380,Blk 206,1.35071636446812,103.95275166965992,2.0
84659,25335,Bef Heartbeat @ Bedok,1.327201,103.93063,1.0
66429,25333,Blk 530,1.37352182697727,103.87243744452265,1.0
94051,25332,Opp Temasek Sec Sch,1.31710244970995,103.94737959133388,2.0
11151,25331,Blk 42,1.29863585845076,103.80247592925552,1.0
50191,25292,Bef Balestier Plaza,1.32604500002988,103.84902388888725,1.0
10599,25288,Opp Blk 36,1.28883435010664,103.80924997344988,1.0
20039,25286,Opp The Infiniti,1.32102499760642,103.75471510655738,1.0
17229,25247,Blk 335,1.31728402491862,103.76824211745355,1.0
70039,25246,Aljunied Pk,1.32930256265165,103.87975573742912,1.0
78119,25230,Opp Blk 479,1.37568,103.957966,1.0
84019,25204,Opp Chai Chee Ind Pk,1.32221972730517,103.92262015530927,1.0
40361,25197,Blk 438A,1.35715418971956,103.74085618975258,1.0
91099,25174,Bef Wilkinson Rd,1.30320972763591,103.88471920227424,2.0
62229,25153,The Minton,1.35108999372692,103.88212234368396,1.0
46239,25126,Larkin Ter,1.49390379286364,103.74403292148666,1.0
54219,25116,Opp Mayflower Sec Sch,1.36880777071199,103.83679395921904,1.0
59141,25111,Blk 741,1.43034383196416,103.83275541050214,1.0
11071,25088,Blk 97,1.30621305601609,103.80170944396954,2.0
76559,25037,AFT TAMPINES STN EXIT E,1.355625,103.943569,1.0
95209,25017,Changi Airport Ter 4,1.33899412275069,103.98206408704048,1.0
3011,24940,Fullerton Sq,1.28561840945474,103.85342223246428,2.0
46151,24934,,,,
50161,24912,Bef Jln Dusun,1.32665700619185,103.84366009715464,1.0
84241,24893,Blk 81,1.32861392886029,103.94004872476816,1.0
77171,24855,Aft Pasir Ris Stn Exit A,1.37276133738912,103.95064755544978,1.0
10121,24847,Blk 126 CP,1.28259924598805,103.82890541983912,1.0
70271,24834,Le Crescendo,1.33078171512111,103.88931512831826,1.0
66039,24833,Blk 307,1.35475138514216,103.86668854745253,2.0
67259,24814,Compassvale Stn Exit B,1.39465386086721,103.90046238900584,1.0
84669,24811,Blk 73,1.31994111212465,103.94418156021838,2.0
58359,24802,Opp Blk 484A CP,1.45619440004203,103.81465411421148,1.0
46339,24776,Bef W'Lands Stn Exit 7,1.43352632033198,103.78798319246935,1.0
64209,24776,Aft Defu Ave 1,1.36146974234447,103.89452504836862,1.0
17189,24767,Blk 317,1.31790502165515,103.76406408827933,2.0
13011,24764,NAPIER STN EXIT 2,1.306504,103.81932,1.0
42311,24723,Opp Burgundy Hill,1.33865749997067,103.76028055601957,2.0
59639,24687,Bet Blks 445/449,1.42318166665872,103.84412388893058,1.0
66301,24682,,,,
43641,24677,Opp HomeTeamNS,1.36530401539571,103.75026447996078,1.0
59811,24651,Blk 477B,1.427487,103.852056,1.0
77021,24633,Opp Blk 571,1.3726630000055,103.94557280001844,2.0
95151,24627,Airport Police Stn,1.34209640049942,103.98181795541136,1.0
40041,24626,Newton Stn Exit C,1.3137222313328,103.83809742560602,1.0
43371,24621,Blk 109,1.34682313984594,103.74590277613716,1.0
40209,24609,NOVOTEL MERCURE @ STEVENS,1.31388805600649,103.82738777802837,1.0
10389,24599,Blk 48,1.28875832991208,103.82573455047122,1.0
75471,24597,Blk 602B,1.361598056,103.9379408,1.0
77019,24556,Blk 515,1.3737108000359,103.94351079998545,1.0
93061,24554,Bef Siglap Rd,1.31199515605411,103.92260670662348,2.0
59031,24546,Opp Yishun Sports Hall,1.41277747172151,103.83083958669692,1.0
67551,24530,Blk 471A,1.39600529337669,103.87927293767908,1.0
64031,24499,Blk 436,1.37699995735935,103.893660799245,1.0
50159,24488,Bef Kim Keat Lane,1.32456066077113,103.8532662391594,1.0
24719,24437,TUAS WEST RD STN EXIT A,1.330051,103.639332,1.0
28621,24436,Blk 241,1.342172,103.744076,2.0
96049,24435,Upp Changi Stn/SUTD,1.3408744614671,103.96143293297968,1.0
10051,24432,Blk 149,1.2774116353284,103.83214410914844,1.0
21581,24418,Blk 65,1.33243350969467,103.72328639029728,1.0
28051,24413,Opp Ng Teng Fong Gen Hosp,1.33228999677029,103.74574002371804,1.0
22519,24407,Blk 608,1.33773359608761,103.6999522210238,1.0
64349,24376,Blk 502,1.37291834719604,103.88673982857988,1.0
96309,24357,EXPO STN EXIT E,1.33427655612286,103.96175810276952,2.0
67419,24346,Sengkang General Hosp,1.39451056390105,103.89388277014376,1.0
43401,24321,Bt Batok Polyclinic,1.35226498779767,103.74681637316732,1.0
43619,24320,Blk 289E,1.34406411828167,103.75861329619693,1.0
94039,24295,Opp The Summit,1.31485363967239,103.94066333773824,1.0
76339,24292,,,,
46289,24274,Blk 891C CP,1.43872239825648,103.79091198323174,1.0
14241,24270,Opp Blk 1,1.27914353103301,103.8168725087535,1.0
84259,24263,Blk 88,1.33328807616427,103.93910677080204,1.0
66369,24255,Blk 238,1.35355301663986,103.8682257210366,2.0
50037,24254,Bef Novena Stn Exit B,1.32109968376279,103.84224304873378,1.0
54221,24221,Opp Ang Mo Kio Pr Sch,1.36995608006054,103.83959341119169,2.0
14041,24179,Blk 54,1.2732727805917,103.81247079301698,1.0
60211,24149,Aft Tai Thong Cres,1.328541,103.870488,1.0
65071,24141,Blk 203A,1.39845074063981,103.90416383740006,1.0
46869,24082,,,,
22239,24082,Blk 624,1.34081972201603,103.69742194398373,1.0
54339,24011,Blk 422,1.3678447007404,103.85057966582929,1.0
64601,23996,Blk 919,1.37548640364406,103.8845866729986,1.0
50029,23977,Opp United Sq,1.316795,103.844656,1.0
44469,23969,Blk 414,1.38243888902379,103.74275222200647,2.0
78071,23931,Blk 446,1.37031163160495,103.95718010428234,1.0
50189,23931,Opp Public Mansion,1.32606229603246,103.84849190712964,2.0
58621,23903,Blk 126 Cp,1.445953,103.834031,1.0
44819,23891,Opp West Spring Sec Sch,1.387188,103.759842,1.0
84421,23879,Blk 510,1.33232270053889,103.93032045625178,1.0
71139,23873,Blk 302,1.33054224737538,103.90087888738246,2.0
59339,23859,Blk 776,1.42273567302859,103.83378411194366,1.0
60099,23830,Bef Lavender St,1.315304,103.861404,1.0
59439,23792,Blk 858,1.417834,103.838374,1.0
47041,23792,Opp W'Lands Auto Hub,1.4525686110144,103.79164305597229,2.0
52501,23791,Toa Payoh Swim Cplx,1.33090220918791,103.85011762889827,1.0
78039,23786,BLK 104,1.367181,103.959,2.0
72071,23751,Blk 133,1.33219165087886,103.91184110459189,2.0
95159,23732,Near SATS Flight Kitchen,1.34191465289349,103.98225051798303,1.0
46129,23688,Marsiling Lane Mkt/Fc,1.44378798401059,103.77675415681388,1.0
17169,23677,Blk 329,1.31284527799656,103.76679666702314,2.0
84641,23669,,,,
10231,23647,Blk 51 CP,1.29041850946952,103.8278810014952,1.0
81161,23645,blk 56,1.31054638768125,103.88318148792813,1.0
50251,23611,Farrer Pk Stn Exit A,1.31240499998142,103.85486499997728,2.0
58161,23602,Bef Sembawang Shipyard G 3,1.46052755709037,103.82037350350512,1.0
27309,23583,Blk 705,1.3410704693164,103.69426536144466,1.0
17059,23575,Regent Pk,1.31694333299923,103.76170111103328,1.0
75129,23545,Darul Ghufran Mque,1.35563642049496,103.9393652171196,1.0
43321,23537,Opp Blk 144,1.34990599565613,103.74510884287126,1.0
27381,23537,Blk 749,1.348143,103.698209,1.0
47671,23536,,,,
78049,23504,Blk 612,1.3744627816256,103.94180578126524,1.0
6011,23481,OUTRAM PK STN EXIT 7,1.28165999996967,103.83801388886192,1.0
52151,23428,Blk 131,1.33834001400213,103.84365712218607,2.0
40389,23412,Blk 119,1.356473,103.734424,2.0
67191,23412,Blk 223D,1.38908889970693,103.89710881285436,1.0
28671,23411,Alliance Bldg,1.33715229988486,103.75226376356608,1.0
11199,23403,Blk 15,1.30837970735444,103.78843145303216,2.0
17371,23396,Blk 201,1.32058194734278,103.76356592222618,2.0
44661,23386,Blk 532,1.38447517162011,103.76499586025828,1.0
63369,23386,Serangoon Sports Cplx,1.356702,103.874108,2.0
12061,23383,Blk 109,1.32178500189496,103.7708733985914,2.0
76119,23362,Opp Blk 945,1.35188664573357,103.94009028016605,2.0
59129,23332,,,,
46671,23329,,,,
92051,23325,Marine Pde Stn Exit 4,1.30461834682389,103.90783296450576,1.0
14039,23325,Opp St. Theresa's Convent,1.27663637861466,103.82345826768822,1.0
1019,23299,Bras Basah Cplx,1.29698951191332,103.85302201172507,1.0
64469,23245,Opp Blk 579,1.3795683329839,103.8857647220324,1.0
65539,23230,,,,
22341,23230,Blk 673C,1.34491616105023,103.70103326346651,1.0
84101,23220,ECO Condo,1.32298200464523,103.94421518494586,1.0
70259,23208,Macpherson Stn Exit B,1.32498730068675,103.89080428753108,1.0
84501,23204,Christ Ch,1.33319499998844,103.91598944400953,1.0
81051,23160,Sims Ville,1.31662343087312,103.89033436777706,1.0
11049,23150,Opp Blessed Sacrament Ch,1.2954609366563,103.79952549937242,2.0
11109,23079,Spanish Village,1.31552472199926,103.80574305602846,2.0
45451,23054,Blk 293,1.3779238888638,103.73970805552322,2.0
11041,23035,Aft C'wealth Dr,1.29624499998226,103.79952333299494,1.0
84251,22992,Blk 99,1.33346832060545,103.93883800719163,2.0
59179,22974,Blk 241,1.43221439515231,103.83988331688866,1.0
22231,22958,Blk 639,1.34079486676221,103.69717899290252,1.0
59349,22958,Opp Khoo Teck Puat Hosp,1.42345056032348,103.83882425770956,1.0
96041,22950,Upp Changi Stn/Opp SUTD,1.34155179676505,103.96123674713527,2.0
27469,22939,Blk 276B,1.35307192192765,103.70486709831036,1.0
10369,22932,Opp Cendex Ctr,1.28037471151153,103.82387343933006,1.0
66059,22931,Blk 257A,1.35553141738293,103.87212299732872,2.0
64241,22929,Blk 308,1.36712666702422,103.89641722203108,2.0
46149,22920,,,,
1013,22832,St. Joseph's Ch,1.29770970610083,103.8532247463225,2.0
54209,22807,BET BLKS 152/155,1.37638119735545,103.83952322759048,1.0
44611,22792,Blk 516,1.3871248273065,103.76757814102818,1.0
81169,22791,Opp Blk 56,1.31078371924435,103.88313174959588,2.0
70371,22784,Macpherson Stn Exit A,1.32623288866609,103.88932330108936,1.0
64039,22775,Blk 434,1.37668753222312,103.89393761218088,1.0
70289,22769,Aft Tai Seng Stn Exit C,1.3350640000249,103.8886929999761,1.0
10081,22760,Opp Blk 120,1.2822783541702,103.82241744338572,1.0
67109,22752,Blk 235,1.39102885574104,103.89998669813552,1.0
28281,22731,Opp Blk 227,1.3420603281321,103.73537548132208,1.0
58991,22730,BLK 767,1.424583611,103.8350086,1.0
46769,22692,Blk 666,1.43935103379454,103.79735798460472,1.0
59039,22683,Yishun Sports Hall,1.41342871609658,103.8315630055702,2.0
70279,22673,Opp Trinity Paya Lebar,1.33155751923227,103.88951499040957,1.0
17221,22672,Blk 377,1.31735631283972,103.76790022594946,2.0
42319,22662,Burgundy Hill,1.33915373900693,103.7604384126988,1.0
30021,22631,Opp Keat Hong Camp,1.3744419562273,103.71705234322658,2.0
43271,22578,Glendale Pk Condo,1.36222569232805,103.76588123664068,2.0
70019,22571,Blk 125,1.32322990499562,103.88145725676176,1.0
46079,22540,,,,
43329,22535,Blk 146,1.34976204246765,103.74483998148368,2.0
72021,22514,Blk 646,1.33096531210116,103.9063218660858,2.0
42189,22498,The Hillford,1.34378853697493,103.76960174742553,2.0
75569,22490,BLK 636C,1.365866,103.941721,2.0
54071,22460,Blk 310C,1.36433664907741,103.84490672378502,1.0
59149,22460,Blk 145,1.43061861098729,103.83218000002928,1.0
65261,22459,Blk 649,1.39695155432601,103.9147884420522,2.0
53221,22425,BLK 115,1.34816840593896,103.8484543562104,1.0
80199,22409,Stadium Stn,1.30155838525089,103.87513532479656,1.0
54489,22370,Opp Ite Coll Ctrl,1.375675,103.855423,1.0
52489,22353,,,,
67059,22343,Seletar Hills Est,1.38705245959807,103.87298447808227,1.0
11191,22317,The Star Vista,1.30801640815091,103.7883731546267,1.0
46331,22303,Blk 511,1.43314769562187,103.78816378743082,2.0
64021,22273,Blk 458,1.37788950153352,103.89663845377324,1.0
83299,22230,Aft Lor G Telok Kurau,1.31574389673514,103.90586328314892,1.0
93031,22214,Siglap Stn/Opp Victoria Sch,1.30983637164414,103.92937539318253,1.0
44739,22207,Blk 180,1.37876549999936,103.76459849996492,1.0
63301,22198,Paya Lebar Meth Girls' Sc,1.35149473186732,103.88531199399269,1.0
76181,22192,,,,
46279,22180,Blk 803,1.44021958652464,103.78690125681028,2.0
64609,22177,Blk 687,1.37595638900393,103.884701388976,2.0
7359,22158,OPP ARC 380,1.31368253065979,103.8607145180712,1.0
58519,22150,OPP BLK 104B,1.44973306,103.831062,1.0
44579,22119,,,,
10129,22067,Blk 121,1.28231999999009,103.8285719444802,1.0
46071,22054,,,,
52329,22052,Aft Lor 4 Toa Payoh,1.33146817532374,103.85268688199498,1.0
67769,22039,BLK 326D,1.39607378603056,103.8876637860708,1.0
43089,22038,Aft Assumption Eng Sch,1.36705664197789,103.76608527288596,2.0
50199,22018,Opp Shaw Plaza,1.32496824756028,103.85050892832004,2.0
52049,22010,Blk 19,1.32721151783698,103.85978762051998,1.0
18041,21931,Normanton Pk,1.28836025261771,103.7931740283919,1.0
75241,21922,Opp Temasek Poly West G,1.34844803009871,103.92980219657612,1.0
44249,21904,Blk 174,1.38049595009817,103.76649141308673,1.0
44201,21895,Aft Petir Stn,1.37732275970527,103.7672668951858,1.0
58331,21854,Blk 589D,1.44974129560526,103.82397609690102,2.0
53249,21847,BLK 210,1.35538305217047,103.84911895270494,2.0
98099,21821,Blk 269A,1.36457166700645,103.96328361098551,1.0
83099,21808,Aft Perpetual Succour Ch,1.32076378388187,103.91810427638708,1.0
75561,21807,BLK 648C,1.366506,103.941333,1.0
64051,21788,Blk 465A,1.37239666924933,103.89777362456783,1.0
44209,21769,Opp Petir Stn,1.37719530827914,103.76698269593902,1.0
64061,21747,Opp Serangoon Sec Sch,1.37557886299976,103.90111900001394,1.0
63381,21746,Xinmin Pr Sch,1.37095163322641,103.8823957409512,1.0
5269,21743,MAXWELL STN EXIT 2,1.280894,103.844567,1.0
27459,21741,Blk 273B,1.35145070001383,103.70399035610367,1.0
64499,21717,Regentville,1.3748828566071,103.87828864496952,2.0
10351,21705,Blk 95B,1.28675501760897,103.82204990181914,2.0
47591,21691,Bef Admiralty Stn/Blk 680,1.43973872693624,103.8025081158021,1.0
52131,21668,Blk 163,1.33220703637711,103.84419754508008,2.0
78031,21663,BLK 191,1.366365,103.958641,1.0
21399,21619,Opp River Valley High Sch,1.3448140795943,103.70805985100183,1.0
12031,21618,Pandan Valley Condo,1.3208008510991,103.7796285552172,1.0
3059,21610,One Raffles Quay,1.281111,103.851461,1.0
44501,21609,Blk 426,1.38087128691259,103.73879787160988,1.0
64361,21607,Blk 535,1.37634509209583,103.89054894445846,2.0
76229,21590,OPP TAMPINES EAST STN,1.35614001051089,103.95353851635838,1.0
67239,21586,Opp Rivervale Pr Sch,1.3930503019817,103.90373341553943,1.0
27431,21576,Blk 762,1.34946527300866,103.69734630614052,1.0
28629,21565,Blk 266,1.342682,103.744754,1.0
40121,21558,Opp Newton Life Ch,1.31458164930261,103.84053190286843,2.0
47559,21541,Opp Blk 630,1.43461254485308,103.80204564158956,1.0
17191,21511,NUS High Sch,1.305669444,103.7698914,1.0
59471,21511,Blk 430B,1.42111543044621,103.8490197156018,2.0
54481,21499,Ite Coll Ctrl,1.37599497932237,103.855765341723,2.0
46981,21495,,,,
70101,21481,Bef Jln Wangi,1.3296996501314,103.8739529682152,2.0
68029,21476,Blk 448A,1.39312162118162,103.8726495511582,2.0
13191,21418,OPP ORCHARD STN EXIT 12,1.302461,103.8297819,2.0
43389,21340,Opp Blk 102,1.34760499094973,103.74834299093746,1.0
58341,21285,Blk 405,1.45267992935187,103.81687772159036,1.0
78221,21279,Blk 231A CP,1.37417517709229,103.96122560227602,1.0
67761,21268,OPP BLK 326D,1.396006,103.887595,1.0
40129,21267,Newton Life Ch,1.31453779264106,103.84082845008946,1.0
46549,21250,Blk 347,1.43319818915334,103.7812567265195,1.0
46989,21247,,,,
76279,21238,Blk 491C,1.3618856073242,103.95504580030337,1.0
84371,21235,Blk 546,1.33055000001009,103.9262383330096,1.0
84379,21221,Opp Blk 546,1.33041495636834,103.92645503858006,2.0
5023,21187,Opp Hong Lim Pk,1.28692928357498,103.84540375642476,2.0
44391,21183,Aft Blk 202,1.38288970873929,103.74831030292964,2.0
46761,21148,Blk 706,1.43964444400977,103.79740027801978,1.0
47031,21122,Bef Keramat Rd,1.45176361051626,103.78814404102567,2.0
63311,21111,Blk 634,1.36990463865149,103.877806471589,2.0
65049,21094,Blk 126A,1.38993499998792,103.90187166698628,1.0
64029,21083,Opp Blk 458,1.37781617357511,103.89688283812272,1.0
52429,21080,,,,
44669,21067,Opp Blk 532,1.38428576640159,103.76489752763662,1.0
27101,21059,Opp Westwood Sec Sch,1.35259472200365,103.70111638902962,2.0
28059,21049,Ng Teng Fong General Hosp,1.33260638902834,103.74580722197156,1.0
58351,21022,Blk 483,1.45593548683251,103.81491062256012,1.0
58349,21000,Blk 478,1.45273139537549,103.8164234320766,1.0
81099,20998,Blk 102,1.31982276662398,103.88194665985093,1.0
58411,20994,Blk 404A CP,1.45461200191848,103.81658372927154,1.0
59191,20972,Opp Northland Sec Sch,1.43649083301477,103.84212083297022,1.0
71119,20972,Opp Blk 343,1.32680124825187,103.90021869264116,1.0
96301,20970,EXPO STN EXIT B,1.33450022538919,103.9617438259165,1.0
84401,20952,Opp Blk 550,1.33316500001136,103.9269811109948,1.0
58111,20910,Blk 351 CP,1.45096272310028,103.82075231895968,1.0
40341,20909,Bef Blk 440A,1.3546236109849,103.73889587967264,1.0
19081,20906,Opp ACS Boarding Sch,1.30256972202724,103.78282472199412,2.0
84701,20898,Blk 151,1.33601304352046,103.91214210205736,1.0
53341,20879,Bright Hill Stn Exit 2,1.36355638900203,103.83394166697737,1.0
43511,20868,Bt Batok Swim Cplx,1.34497394208663,103.74849870531534,1.0
50169,20841,Aft Irrawaddy Rd,1.32647401158756,103.84420812253344,2.0
43421,20841,Blk 503,1.35109278850869,103.75362047618977,2.0
5411,20831,Tg Pagar Plaza,1.27519165673078,103.84309190393884,2.0
3511,20810,Aft Bayfront Stn Exit E,1.28194779470571,103.85897064872482,2.0
70119,20810,Cencon Bldg,1.33075033509776,103.8777335022986,1.0
80229,20794,Blk 45,1.3172897212662,103.87810554835914,1.0
44321,20792,Opp Bangkit Stn,1.379874,103.772318,1.0
92161,20778,Aft Katong PO,1.30380001918907,103.89656923070308,1.0
76439,20771,Blk 351,1.35288166702581,103.96260527798988,1.0
59619,20762,Yishun Community Hosp,1.42335199999945,103.83687299997104,1.0
92061,20758,CHIJ Katong Convent (Pr),1.30585304722559,103.91059595623032,1.0
46979,20744,,,,
93021,20712,Opp Mandarin Gdns,1.30867772794032,103.92426998119755,1.0
78199,20684,Opp White Sands Pri Sch,1.36477,103.96189,2.0
70051,20663,Aft Joo Seng Rd,1.33627202154131,103.87777948299752,2.0
27361,20658,Blk 710,1.34294490356227,103.6945223808434,2.0
75169,20657,Opp Blk 853,1.35327639994383,103.93440612457628,1.0
76361,20644,Blk 430,1.36002524992852,103.95032266084807,2.0
58339,20629,Opp Blk 589D,1.44936138505812,103.82430573345592,1.0
53361,20627,Blk 454,1.35929833296604,103.83032083300758,1.0
27411,20626,Blk 844A CP,1.34590833297224,103.69273749998102,1.0
67391,20605,Blk 333B,1.39425676218487,103.89144488028346,1.0
50069,20594,Hotel Royal,1.31702163080967,103.84164776289316,1.0
44619,20575,Blk 506,1.38695072395596,103.76763574907524,1.0
41049,20574,Opp Coronation Plaza,1.32469500003392,103.81026249997409,2.0
14249,20552,Blk 1,1.279267,103.8173,2.0
63201,20503,Affinity At Serangoon,1.36617789459924,103.87492029493984,1.0
67189,20473,Opp Blk 241,1.39059955869523,103.89742612835978,1.0
40051,20450,Balmoral Plaza,1.31588,103.83632,1.0
76211,20446,Blk 449,1.35674667237884,103.95100259167164,1.0
67201,20436,Blk 206A,1.38669709800422,103.89628892246895,1.0
65281,20390,Punggol Sec/Blk 601B,1.40201165055481,103.90783309940194,2.0
92231,20376,Blk 34,1.30425500081318,103.9123223933556,2.0
52159,20375,Blk 128,1.33810803464351,103.84385638188928,1.0
51079,20358,Opp MacRitchie Resvr,1.34178289872759,103.83615392311768,1.0
75221,20341,Opp Temasek Poly East G,1.34567355960876,103.93595044893452,1.0
66491,20336,Opp Blk 910,1.37936944398935,103.88260194401968,1.0
27211,20331,Lee Wee Nam Lib,1.34793140650697,103.6805006649782,1.0
12099,20323,Opp SIM Campus,1.327838056,103.7767036,1.0
44871,20271,Blk 810 CP,1.37415475892549,103.74679713839168,1.0
13109,20269,UE Sq/Bef Mohd Sultan Rd,1.29350944398488,103.8427241670272,1.0
28531,20232,Blk 536,1.35006115514965,103.71652940446651,1.0
66041,20212,Blk 230,1.3557230306281,103.8697219448858,1.0
62071,20201,BARTLEY STN EXIT A,1.34252980960729,103.88002892732668,1.0
75311,20193,Bef Tampines Lk,1.367478,103.930734,2.0
68031,20169,Jln Kayu Shophouse,1.39705024252478,103.87307298530668,1.0
93079,20157,Opp Springvale,1.31250502315071,103.9250247698478,1.0
50081,20136,Pek Kio Mkt,1.31634,103.850484,2.0
53039,20118,Thomson CC,1.35144681735328,103.83591070615076,1.0
59281,20110,,,,
67079,20108,Ch Of St. Vincent De Paul,1.38256500000442,103.87673500001088,1.0
15221,20102,Aft Sth Buona Vista Rd,1.27949923466491,103.78548955401584,1.0
53241,20089,OPP BLK 217,1.35615639153054,103.84995659632312,1.0
43331,20072,Opp Bt Batok Presby Ch,1.34893916700858,103.74323444400876,1.0
14339,20071,Blk 70A,1.276660654539,103.81124504785828,1.0
84579,19993,Aft Chai Chee St,1.32584772443012,103.9194896128384,1.0
9159,19982,Aft Tomlinson Rd,1.30602637557418,103.82568042620603,2.0
26261,19979,Aft Tuas Sth Ave 4,1.31470906872568,103.62871219060813,1.0
41029,19972,Opp Botanic Gdns Stn,1.32333331915013,103.81630566925632,2.0
72031,19957,BEF KAKI BT STN EXIT B,1.33521859078695,103.9099203114682,1.0
98301,19955,Avila Gdns,1.36001388887382,103.9648761111098,1.0
65231,19947,Riviera Stn Exit B,1.3942824799683,103.91576531457449,1.0
16009,19946,Kent Ridge Ter,1.29425341056334,103.76988323197696,1.0
52291,19937,,,,
40201,19933,Chelsea Gdns Condo,1.31358972201496,103.82743055599408,2.0
67561,19911,Opp Blk 432A,1.39545828505824,103.87697696683593,1.0
41069,19901,Opp Tan Kah Kee Stn,1.32652777798065,103.80758583296918,2.0
96101,19887,Blk 3012,1.33638500905398,103.9510568939649,2.0
21439,19870,Boon Lay CC,1.34842277796612,103.71165888901648,1.0
64619,19833,Opp Blk 913,1.37809338718149,103.88468027114664,1.0
17129,19824,Aft NUS High Sch,1.30514136653386,103.76985839745124,2.0
42019,19766,Opp Sixth Ave Stn,1.33170368135595,103.79657033601988,2.0
28539,19765,Blk 538,1.34975477386966,103.7154239342482,2.0
15191,19764,Pasir Panjang Stn/Fc,1.27581227029734,103.7926357125798,1.0
75031,19744,Opp Springfield Sec Sch,1.35080696753697,103.92946243284943,2.0
65041,19744,Blk 231,1.38984412426173,103.90162265734196,2.0
43149,19730,Blk 291A,1.34399483001027,103.7561003299722,1.0
67139,19722,Nth Spring Pr Sch,1.38715714684677,103.90417577185804,1.0
4143,19711,Stamford Ct,1.29411640848293,103.85020606905503,2.0
44879,19708,Opp Blk 810 CP,1.37431656227768,103.747011289906,1.0
14139,19707,Bef Seah Im Rd,1.2686352773503,103.81546952380808,2.0
63101,19691,Opp Blk 169,1.35110728949265,103.8903098431232,1.0
28571,19687,Blk 416,1.35242067621829,103.725422933054,1.0
44559,19668,Blk 483,1.37620955732727,103.73789066346548,1.0
46411,19661,Blk 869,1.44270591766599,103.79441916127092,1.0
83329,19626,Opp Kembangan Stn,1.32198642679896,103.91379833222052,2.0
92169,19623,Bef Katong PO,1.303782,103.8967661,2.0
25691,19621,AFT TUAS WEST RD STN,1.328519,103.639669,1.0
10017,19598,Aft Hosp Dr,1.27832046633393,103.83762574759974,2.0
59291,19591,,,,
20199,19587,Blk 410,1.31908111097886,103.74819972197396,1.0
93071,19569,Crescendo Bldg,1.31293014528666,103.92634861688488,2.0
44461,19528,Blk 352,1.3825705560115,103.7430047219692,1.0
59431,19483,Blk 630,1.417805,103.8376805,1.0
27109,19435,Westwood Sec Sch,1.35309472199852,103.70082305601868,1.0
20029,19416,OPP NEWEST,1.31772833949651,103.75767989744158,1.0
17279,19402,,,,
54581,19401,Blk 574,1.37105833303092,103.85665833302312,1.0
52161,19395,Braddell Stn/Blk 111,1.34093830148518,103.845406453305,2.0
43361,19393,Blk 154A,1.3469143511774,103.74343203545553,1.0
27409,19370,Blk 821,1.34719000000045,103.69416749997193,1.0
41051,19368,Tan Kah Kee Stn,1.32612500001248,103.80715333299844,1.0
11001,19340,Opposite Ghim Moh Terminal,1.311072,103.789159,1.0
78079,19327,Blk 429,1.36995048419615,103.95691414168428,2.0
80159,19315,Suntec City,1.295962316986,103.8579517489622,1.0
81159,19306,Opp Kong Hwa Sch,1.31167873834387,103.8874161243355,2.0
67231,19287,Rivervale Pr Sch,1.39322205615326,103.90395664347083,2.0
58169,19281,Aft HomeTeamNS Sembawang Resort,1.45978696349073,103.82092447388442,2.0
66031,19265,Cardiff Residence,1.35465640659199,103.86572364607076,1.0
7021,19255,Selegie Ctr,1.30324521574524,103.84995776766849,2.0
46481,19247,Aft Woodlands Ind Pk E6,1.44964404178885,103.8011125258027,1.0
1129,19200,Opp Stamford Pr Sch,1.30350269187301,103.85864530718491,1.0
83011,19192,Casa Sarina,1.31971491091921,103.9072540450546,2.0
64331,19190,Blk 508,1.37143555507852,103.88805955105327,1.0
46971,19181,,,,
84109,19164,Bef Bedok View Sec Sch,1.32350836424044,103.9441209521673,2.0
40369,19147,Blk 464A,1.3576342194572,103.74139552039492,2.0
59331,19142,Blk 773,1.422973728077,103.83276716795122,2.0
46111,19135,Blk 23,1.44132222201705,103.77372416702164,2.0
66309,19126,,,,
65711,19125,Blk 446B,1.417097,103.91168,1.0
7361,19121,Bef Kallang Bahru,1.31167636068313,103.86189483728585,2.0
43381,19118,Blk 102,1.34696555762849,103.7476604907514,1.0
22499,19116,Opp Blk 662C,1.337187,103.704805,2.0
10061,19108,Blk 140,1.27860472196885,103.82948638898172,1.0
75339,19101,,,,
84409,19080,Blk 550,1.33291002440884,103.92669166477268,2.0
63209,19077,Parkwood Residences,1.36605804817414,103.8752212278542,2.0
55019,19073,Aft Lentor Stn Exit 4,1.382212,103.836047,1.0
1421,19055,Opp Golden Mile Cplx,1.30338444400173,103.8648388889864,2.0
5019,18976,Aft Duxton Plain Pk,1.28118388885484,103.84105000000471,1.0
9131,18965,OPP ORCHARD BLVD STN,1.30391999998489,103.82333805603096,1.0
10399,18957,Melati Blk 2,1.27588166292683,103.8301945420522,1.0
40351,18930,Blk 461C,1.35499656917814,103.7410021897397,1.0
65691,18929,Opposite Blk 437B,1.420151,103.911959,1.0
75281,18924,Blk 742A,1.36022789260467,103.93363809095122,1.0
20291,18899,Opp Blk 501,1.31095062259154,103.75771430804498,1.0
21589,18895,Opp Blk 65,1.33246568746472,103.72345805167676,2.0
80279,18894,Mountbatten Stn Exit B,1.30514903438296,103.88342000727889,2.0
53399,18865,Blk 202,1.35464002820911,103.8470163249439,1.0
44071,18859,Blk 464,1.37677726111171,103.73622221734738,2.0
17369,18835,Aft West Coast Lk,1.29840583296856,103.76386861099265,1.0
15229,18818,Bef Sth Buona Vista Rd,1.27937638961898,103.78572727156028,2.0
67171,18789,Blk 225A,1.38731209583307,103.89897692182004,1.0
46651,18788,,,,
22591,18774,Blk 670A,1.3447589,103.70289,1.0
8079,18772,Sch of the Arts,1.29921444445586,103.84910329217983,2.0
46469,18764,Blk 759,1.44668865905093,103.79491852510796,2.0
55181,18743,Opp Yio Chu Kang Stn,1.38143251435794,103.84389230276943,1.0
99049,18722,Changi Golf Course,1.38749994542049,103.98573364026824,2.0
60219,18664,Bef Siemens Ctr,1.32829192682419,103.8704918465033,1.0
77071,18663,Blk 633,1.37810945408117,103.94127900809488,1.0
53369,18650,Opp Blk 454,1.35947344252352,103.8301455974542,1.0
55129,18645,Blk 604,1.37955302001994,103.83549938754196,1.0
40081,18641,STEVENS STN EXIT 1,1.32012951912406,103.82605259642706,1.0
1411,18638,Opp St. John HQ,1.30211332865049,103.86295598167332,2.0
11201,18614,CSC Dempsey Clubhse,1.30692642897557,103.81186453577432,1.0
54247,18602,Blk 322,1.36873836498602,103.84719306132868,1.0
67071,18601,Bef Gerald Dr,1.38224166699882,103.87700083300696,2.0
65169,18597,Meridian Stn Exit A,1.39645725997371,103.90932129998102,2.0
52389,18596,,,,
67759,18593,COMPASSVALE INT,1.39129522332876,103.89720218513328,1.0
59131,18585,,,,
52239,18582,Blk 177,1.33412194449168,103.84894805557066,1.0
24709,18562,TUAS CRES STN EXIT A,1.32089,103.649026,1.0
43519,18562,Opp Bt Batok Swim Cplx,1.34527424103226,103.74835776931135,1.0
6169,18519,River Pl Condo,1.28937078931125,103.83998944937588,2.0
17099,18500,YALE-NUS COLLEGE,1.3078304704809,103.77165274445558,1.0
27379,18438,Blk 755,1.34805042142493,103.70087385175056,1.0
27141,18422,Blk 920,1.33967546710179,103.68779973857258,1.0
82131,18415,Opp Maranatha Hall,1.30955979607535,103.90034889101835,2.0
28449,18410,Bef Seventh-Day Advent Ch,1.33618166701348,103.73944500002972,1.0
80249,18403,Blk 49 Mkt/FC,1.31693643112186,103.87985994146072,1.0
67559,18393,Opp Blk 471A,1.3954939065925,103.88094503218824,1.0
82033,18377,Blk 414,1.31798449318919,103.898237229405,2.0
43429,18355,Blk 240,1.35108692530475,103.75389074656302,1.0
84541,18349,Blk 42,1.32761801937398,103.92519155563974,2.0
75161,18330,Blk 855,1.35324997143303,103.93456070784656,2.0
63379,18319,Blk 608,1.370839,103.885214,1.0
70261,18258,Opp Orion @ Paya Lebar,1.32884296980066,103.88962746952592,1.0
81091,18248,Sims Urban Oasis,1.31935333297674,103.88173111103306,2.0
5189,18242,Opp Sri Mariamman Tp,1.2820913960391,103.84528061446952,1.0
75479,18236,Blk 619A,1.361776111,103.9381889,2.0
55119,18229,Blk 617,1.37728530731209,103.8378470631113,1.0
81179,18205,Blk 22,1.30726086825664,103.88490711001796,1.0
21241,18196,216 CP,1.34973665190679,103.7123542531276,1.0
51011,18162,Opp Tan Tong Meng Twr,1.327841667,103.8406111,2.0
84411,18159,Blk 526,1.33383806396564,103.92928425024714,1.0
67399,18145,Blk 325 CP,1.39385005995777,103.89167010585574,1.0
21689,18142,Blk 200,1.34241984576482,103.71442338427325,1.0
59751,18137,Opp The Shaughnessy,1.41725535689777,103.84590800002532,2.0
67141,18123,Blk 119D,1.38602111109914,103.9035319444636,1.0
46141,18078,,,,
54211,18068,Mayflower Sec Sch,1.36861222198461,103.83634833298528,2.0
28319,18022,Blk 207,1.33862623918679,103.74173313734524,1.0
62141,18015,Opp Blk 1,1.35149112412235,103.87515194713768,1.0
54201,18008,OPP BLK 155,1.375969,103.839271,1.0
56021,17985,Opp Sembawang Hills FC,1.372666,103.82843,2.0
63061,17974,Opp Blk 25,1.36623834226067,103.89129134480063,1.0
6071,17958,HAVELOCK STN EXIT 2,1.28685859481289,103.83360028266564,1.0
64069,17956,Serangoon Sec Sch,1.37526504951859,103.90134716214978,1.0
58279,17954,Opp Blk 336A CP,1.44658462255674,103.8145691865372,1.0
4321,17940,UE Sq,1.2921400077773,103.8430364619106,2.0
42011,17923,Sixth Ave Ctr,1.33161452117352,103.79503057628676,1.0
93039,17897,Siglap Stn/Laguna Park,1.30958474832555,103.9295415420364,2.0
42079,17883,Opp Pei Hwa Presby Pr Sch,1.339255,103.776989,2.0
65221,17881,Blk 303D,1.40402842836975,103.90480763848863,2.0
15049,17877,Opp Alexandra Retail Ctr,1.274590541032,103.80216344738956,2.0
60101,17873,Kwong Wai Shiu Hosp,1.31783421341306,103.86004042483177,1.0
14329,17869,Blk 67,1.274547,103.809425,1.0
42031,17867,The Tessarina,1.33332611108217,103.78997500000864,1.0
44189,17862,,,,
22509,17861,Blk 664C,1.33799405073941,103.70323491142736,1.0
58091,17848,Sembawang Pk,1.46211498021096,103.8379191742591,1.0
44931,17829,Blk 643 CP,1.387703,103.763361,1.0
11439,17828,Blk 92,1.30606472198412,103.80029777801457,1.0
59201,17819,Opp Chongfu Pr Sch,1.43871588444799,103.8403521964609,1.0
5199,17810,Opp Hong Lim Cplx,1.28451455846092,103.84666049314173,1.0
14191,17800,Blk 105 CP,1.28121833300943,103.81211444400743,2.0
71169,17796,Aztech Bldg,1.32706502989935,103.89217317535862,2.0
67119,17790,Blk 128,1.39050824371994,103.90323582065614,1.0
78191,17785,Aft Blk 182,1.36488943048941,103.96176906896966,1.0
58521,17781,BLK 106A,1.44819389,103.8326,1.0
14201,17754,Blk 110,1.28167307267242,103.80914683892264,2.0
59099,17751,Blk 220,1.43272835490407,103.83522544787668,2.0
99131,17745,Blk 4,1.38894186746545,103.98734296938127,2.0
70031,17745,Opp Aljunied Pk,1.3292670732562,103.87941087761013,2.0
59581,17739,Blk 432C,1.41903123253322,103.84618997941804,1.0
13199,17713,AFT ORCHARD STN EXIT 12,1.302127,103.829875,1.0
45261,17713,Blk 551,1.39431509144869,103.7435570382963,1.0
67411,17712,Opp Sengkang General Hosp,1.39495624396821,103.89436833778728,2.0
53229,17707,Blk 501,1.34822303496432,103.84927239325486,2.0
43141,17698,Opp Blk 291A,1.34421891680123,103.75586020801808,1.0
43611,17678,Blk 290H,1.3440783607984,103.75829172450744,2.0
93069,17671,Aft Siglap Rd,1.31168943552207,103.92240015622043,1.0
59259,17651,Darul Makmur Mque,1.43716783426775,103.83379791523896,2.0
44239,17639,Opp Zhenghua Pr Sch,1.37846111098819,103.76983083299405,1.0
16991,17624,Opp Nan Hua High Sch,1.30777929773028,103.7698858242306,1.0
5419,17618,The Amara,1.27470669455555,103.84318683838887,1.0
63091,17610,Opp Blk 106,1.35385498086943,103.89147049226344,1.0
28241,17606,Opp Jurong East Lib,1.33175858461326,103.73957485927777,1.0
67569,17597,Blk 432A,1.39504999232889,103.87700000087196,1.0
64359,17595,Montfort Sch,1.37528677811119,103.88918760776436,1.0
43359,17555,Blk 169,1.34689882191148,103.74106453897556,1.0
67209,17545,Blk 203,1.38690839585967,103.89618101813248,1.0
93019,17537,Neptune Ct,1.30787614366531,103.92111718654822,2.0
46499,17531,Opp Blk 402,1.4322913388299,103.77219638823968,1.0
42039,17506,Opp The Nexus,1.33474752657285,103.7877986922408,2.0
63149,17471,Serangoon Stadium,1.35489972198729,103.87452555599006,2.0
17141,17469,Clementi Stadium,1.3109950000148,103.76349999999258,2.0
44219,17463,Bet Blks 139/140,1.37578333297826,103.769352222019,1.0
43831,17462,Blk 334,1.36512501870188,103.74788610102787,1.0
11171,17448,Opp Blk 7B,1.30535666699303,103.79479722196947,1.0
62251,17431,,,,
71071,17421,Opp Comfort Driving Ctr,1.33638181561906,103.89785574766542,1.0
17051,17406,Opp Regent Pk,1.31726409983754,103.7624014564888,2.0
84419,17404,Blk 512,1.33361648978155,103.9292288767243,2.0
46431,17372,,,,
64249,17360,Blk 327,1.36809355475239,103.89589220748978,1.0
10361,17316,Cendex Ctr,1.28038092060065,103.82353025808791,1.0
44139,17308,Opp Blk 26,1.37680960030968,103.75536565517724,1.0
76269,17303,Opp Blk 489A,1.36187820405808,103.95739818627864,1.0
22241,17291,Opp Blk 622,1.34012270744787,103.69938392223636,1.0
45369,17287,Blk 765,1.3925860608387,103.75002597798893,1.0
98091,17275,Blk 156,1.36432808773556,103.9631266198707,2.0
45469,17258,Blk 537,1.39231423792189,103.74449399998608,1.0
77291,17248,,,,
70231,17242,OPP MATTAR STN EXIT B,1.325842,103.884002,2.0
65039,17230,Blk 124,1.38732058981564,103.90185567950668,1.0
71121,17197,UBI STN EXIT B,1.330081111,103.8994169,2.0
3501,17196,Marina Bay Sands Theatre,1.28500467671367,103.8606110538643,2.0
47501,17191,,,,
44869,17184,Bef Blk 629A Cp,1.38658738981297,103.75886226371928,1.0
63071,17181,Opp Blk 248,1.3597807263938,103.89332464938752,1.0
58149,17174,Opp Sembawang Shipyard G 8,1.46190359169667,103.81788921693168,2.0
14151,17169,Opp Chr Community Chapel,1.26964765905364,103.8129359412343,1.0
78081,17164,Blk 467,1.37368803498525,103.95635599319584,1.0
76271,17163,Dunman Sec Sch,1.36181167182029,103.95518343875231,2.0
90079,17161,Opp Costa Rhu Condo,1.29760718196372,103.86732745550238,1.0
10119,17148,Opp Pacific Tech Ctr,1.28598009010704,103.81122515087834,2.0
93131,17145,Opp Eastern Lagoon II,1.31277833350682,103.93415826027376,2.0
76369,17136,Blk 496F,1.36025642698418,103.95022273065784,1.0
11209,17134,Opp Peirce Rd,1.30817280849852,103.81038349817638,2.0
65719,17130,Blk 432B,1.416997,103.912031,1.0
40221,17128,STEVENS STN EXIT 3,1.31902531287493,103.82545561296304,2.0
78089,17127,Blk 405,1.37361141865113,103.95608873577848,2.0
92069,17110,Tao Nan Sch,1.30566306799291,103.9110051545323,1.0
14239,17095,Opp Keppel DP Blk 519,1.27178138152481,103.8271423936315,2.0
20019,17088,Blk 431,1.31357611099308,103.7615108330155,1.0
67549,17086,Opp Hockey Stadium,1.39454660425441,103.88618230819876,1.0
75481,17061,Blk 609D,1.363804,103.93794,1.0
11079,17029,Opp Blk 95,1.305441389003,103.8018525000066,1.0
71089,17029,Opp Eunos Technolink,1.33291479894363,103.90097214917816,2.0
63231,17023,Bet Blks 210/211,1.35901223241231,103.88763070107528,1.0
67199,17011,Opp Blk 223D,1.3889487081629,103.89689165133598,1.0
66431,17010,Opp Blk 506A,1.37297644274866,103.87526422817184,1.0
46449,16976,,,,
72041,16973,Blk 660A CP,1.33470286981513,103.90743417265202,1.0
16089,16939,Aft Clementi Rd,1.29201138346787,103.7690842071612,2.0
58529,16883,BLK 108 CP,1.44801889,103.832461,1.0
21249,16867,Blk 213,1.34958421982025,103.71249318123604,2.0
84301,16864,Blk 41,1.32782140214678,103.92656628872024,2.0
50019,16862,Parish Of Christ Ch,1.31194891032358,103.8476385617414,1.0
45311,16856,,,,
63321,16852,Blk 627,1.36913602302795,103.88132215113497,1.0
27451,16849,Bet Blks 272D/271A,1.35128613677034,103.7041505569119,1.0
44271,16838,Bet Blks 13/14,1.37867114732017,103.75614774814444,2.0
98119,16838,Loyang Pt/Opp Blk 256,1.3671897219745,103.96432861100052,2.0
43339,16828,Blk 148,1.34907250002611,103.7437783398292,2.0
2089,16818,Promenade Stn/Pan Pacific,1.29152694444975,103.8592061110504,1.0
68021,16796,Opp Blk 448A,1.39317909764213,103.8724709608888,1.0
58361,16795,Nth Link Bldg,1.46118688481447,103.81270708997144,1.0
63319,16764,Opp Blk 634,1.369226,103.878124,1.0
46579,16754,,,,
58289,16729,Opp Sembawang Sec Sch,1.44485960840447,103.81627162679553,1.0
84469,16709,Blk 703,1.3375152915469,103.9197283469228,1.0
28561,16692,Blk 402,1.35318546958489,103.72232429359828,1.0
67491,16685,Opp Fernvale Pr Sch,1.39087538517899,103.87466488789592,1.0
43449,16658,Blk 258,1.35150377570255,103.7590516971924,1.0
71081,16639,Eunos Technolink,1.33375855817569,103.9005998503616,1.0
43351,16631,Blk 168,1.34701122644751,103.7411014207074,1.0
64611,16631,Blk 913,1.37837333826782,103.88445923003084,1.0
63069,16630,Blk 25,1.36637999879956,103.89194715850095,1.0
6151,16625,Hotel Miramar,1.28870976841461,103.83737276969174,1.0
59211,16625,Blk 289,1.44037027798466,103.8381736110171,1.0
75571,16622,BLK 637B,1.36378,103.943296,1.0
44231,16622,Zhenghua Pr Sch,1.37916686797468,103.769334854174,1.0
7589,16622,Ch of Our Lady of Lourdes,1.30320609782822,103.85549999983388,1.0
76219,16594,Blk 230E,1.35644168689504,103.95114418566536,1.0
44079,16592,Opp Blk 464,1.37657500784909,103.73634658951724,1.0
25771,16580,AFT TUAS STH ST 7,1.274334,103.632329,1.0
45361,16556,Opp Blk 765,1.39239930690933,103.7500200571186,1.0
99139,16546,Blk 5,1.38819494717642,103.98723382929484,1.0
54359,16540,Blk 502,1.37615334768079,103.8499921086812,1.0
76261,16527,Blk 489B,1.36164005637877,103.9574003219772,2.0
13071,16514,Great World Stn Exit 5,1.296335,103.832936,2.0
14229,16483,Ch of St. Teresa,1.27370670186653,103.82857888915174,2.0
46691,16482,,,,
70149,16454,Sky Green Condo,1.33291249995394,103.88646305557552,1.0
27371,16442,Opp Blk 755,1.34751384306624,103.700994411555,1.0
13101,16400,Opp Mohd Sultan Rd,1.29414162678811,103.84231209757696,2.0
54579,16387,Blk 540,1.37487817367914,103.85483080978987,2.0
16069,16382,Heng Mui Keng Terr,1.290648611,103.7736967,2.0
59121,16377,,,,
76459,16374,Blk 323,1.35208003080961,103.95873194771904,1.0
98299,16356,PARC OLYMPIA,1.355878,103.9655714,2.0
10281,16316,SIS Bldg,1.29153833298318,103.81445166697796,1.0
98291,16308,OPP PALM ISLES,1.356979,103.9651894,1.0
22451,16298,Opp Blk 643,1.33817022625307,103.6956128058036,1.0
46369,16295,,,,
98309,16287,Carissa Pk,1.35996000001358,103.96473694441012,1.0
22259,16282,Blk 668D,1.34089136412278,103.7025463831608,2.0
84089,16280,Blk 40,1.3206814195738,103.9400309260245,2.0
71079,16260,Comfort Driving Ctr,1.33554558497215,103.8982531208296,2.0
52039,16250,Aft Muhajirin Mque,1.34333817728421,103.85130310024304,2.0
75149,16241,Blk 867A,1.35597194444127,103.93366388890492,1.0
92099,16235,One Amber,1.3023783312326,103.89900426571224,1.0
64441,16232,Hougang G. Shop Mall,1.37980640697067,103.88818499902484,1.0
83361,16206,Hua Yu Mansions,1.32850781433023,103.914495706562,1.0
62049,16193,Aft Paya Lebar Cres,1.34904000002665,103.88022749996824,1.0
67219,16185,Ranggung Stn Exit B,1.38368835333684,103.89751366061326,1.0
65161,16182,Meridian Stn Exit B,1.39735631138291,103.90859112878572,1.0
17021,16177,Waseda S Snr High Sch,1.29673702633957,103.76691201794644,1.0
43649,16175,HomeTeamNS,1.36545844046425,103.7506020069351,2.0
46679,16168,,,,
64579,16157,Bet Blks 544/546,1.37820828048176,103.89268060309126,1.0
63331,16156,Blk 615,1.36836866548657,103.88492703491212,1.0
11059,16144,Queenstown Polyclinic,1.29882892782979,103.80097389222824,2.0
21551,16134,Blk 151,1.3266610431866,103.7209862100987,2.0
44809,16103,Blk 628,1.38500083704863,103.7597842543524,1.0
11381,16088,Blk 10A,1.30841137865065,103.79328294102336,2.0
44701,16088,Blk 548B,1.38927144639115,103.76879686807084,1.0
56029,16052,Bef Sembawang Hills Fc,1.37359500001635,103.82870000002058,1.0
65451,16043,,,,
54049,16033,Courts Ang Mo Kio,1.373029,103.845336,1.0
82221,16009,Blk 3A,1.31760511655727,103.89900705591394,1.0
85021,15989,Country Pk,1.32190305598591,103.95468472199644,2.0
28031,15983,Bef The Synergy,1.32790100001681,103.75101499996688,1.0
76551,15980,TAMPINES STN EXIT D,1.355401,103.943599,2.0
92229,15974,Blk 53,1.304952,103.916022,1.0
83291,15965,Aft Joo Chiat Pl,1.31473309387158,103.90589521764188,2.0
65151,15911,Cove Stn Exit B,1.39885650320272,103.90662105241732,1.0
75061,15896,Blk 954D,1.34071391760745,103.9364683628148,1.0
54279,15891,Blk 427,1.36968919033429,103.85404760550172,1.0
52201,15890,Blk 121,1.33918030742933,103.84650759525915,2.0
66099,15876,Opp Golden Hill Est,1.35427474694456,103.8614219938772,2.0
27359,15875,Blk 817,1.34441434989381,103.69601368907118,1.0
84159,15872,Opp Casafina/Temasek JC,1.31664972197451,103.93304055596909,2.0
65391,15871,,,,
75229,15864,Temasek Poly East G,1.34499782605889,103.93676608938834,2.0
10011,15861,BEF NEIL RD,1.2777380589964,103.83749709165195,1.0
67611,15848,Blk 204C,1.38776293807936,103.89426271274472,1.0
81139,15847,Grandlink Sq,1.31435328604306,103.89191764014708,2.0
67479,15843,Layar Stn Exit A/Blk 417A,1.39198203746983,103.88019668070044,1.0
45461,15843,Blk 540,1.39267723795995,103.74330600001464,1.0
18019,15842,Bef Telok Blangah Hill Pk,1.28091055556275,103.80252305556164,2.0
77249,15829,Blk 640,1.37599439507295,103.939861116152,1.0
28239,15823,Jurong Town Hall Int,1.330029,103.742845,2.0
67361,15816,Blk 313B,1.39099505909557,103.88834913656449,1.0
44591,15804,Blk 490B,1.37543194866252,103.7419701443328,1.0
46011,15799,,,,
11139,15794,Blk 53A CP,1.2931986108138,103.80744694841285,1.0
29039,15785,Bef Penjuru Wk,1.31791472290937,103.73590151832454,1.0
46461,15784,Opp Blk 757A CP,1.44659598354815,103.7935966189834,1.0
96109,15778,Opp Blk 3012,1.33737118239889,103.95067333143491,1.0
28551,15774,Blk 560A,1.35309201855261,103.71993998752168,1.0
46591,15773,,,,
52031,15766,OPP BLK 998,1.34404852974216,103.85026155631284,1.0
84459,15762,Bet Blks 705/706,1.336324,103.918288,1.0
20211,15758,Blk 41,1.32177193921987,103.74184000241928,2.0
10381,15758,Opp Blk 48,1.28906972186602,103.82559411728036,1.0
54089,15751,OPP ANG MO KIO SWIM CPLX,1.36297001065247,103.8484911674186,2.0
76449,15726,Blk 343,1.35207508249597,103.96113006140774,1.0
65569,15715,,,,
44801,15703,Opp Blk 628,1.38503510909651,103.75908340599958,1.0
46589,15698,,,,
66439,15690,Blk 504A CP,1.37393762072692,103.8755129419784,1.0
75261,15681,Blk 709,1.35801998380195,103.93796778680796,1.0
44451,15671,Bef South View Stn,1.38077375279629,103.74424353296656,1.0
16081,15647,Aft Palm Green Condo,1.29195777797363,103.76866138900289,1.0
53349,15644,Bright Hill Stn Exit 1,1.3637398272719,103.83379317461136,1.0
29009,15639,Jurong Town Hall Int,1.330212,103.7433,1.0
58101,15635,Blk 311,1.44667277800811,103.82282277802054,1.0
46441,15630,,,,
14501,15615,OPP BLK 91A,1.27687216148362,103.80648081848618,1.0
16891,15604,Opp Blk 420A,1.30982186660782,103.76816139829276,1.0
6161,15589,Blk 2,1.28901705678419,103.83994286096711,1.0
84381,15582,,,,
59511,15576,,,,
77211,15575,Blk 626,1.37999169580419,103.94094544562029,2.0
80151,15567,Opp Suntec City,1.296265,103.857666,2.0
64339,15566,Blk 602,1.37136834322266,103.88702988625133,1.0
67129,15559,Blk 137,1.38936844113699,103.90498892005203,1.0
4019,15558,OPP BENCOOLEN STN EXIT B,1.29807216909408,103.84975607305785,1.0
44499,15553,Blk 429A Cp,1.383205,103.740969,1.0
71131,15553,Automobile Megamart,1.33127510693644,103.90140378909662,1.0
84569,15531,Opp Blk 53,1.3279697494091,103.92011115886494,1.0
10059,15521,Opp Blk 149,1.27739664167497,103.83275178077876,1.0
46361,15508,,,,
67499,15472,Fernvale Pr Sch,1.39068028707514,103.87467870992984,1.0
46281,15468,Blk 825,1.43878695707764,103.79002589502426,1.0
46861,15444,,,,
80149,15427,S.A. Deaf,1.3074963710946,103.8798058337351,2.0
70049,15422,Aft Blk 4,1.33290666703267,103.87871499999147,1.0
12121,15420,Blk 7,1.31164833301814,103.7871516670319,1.0
43019,15413,Springdale Condo,1.348201944,103.7710775,2.0
59441,15389,,,,
84071,15386,Blk 71,1.32067138376849,103.9426000755741,1.0
43841,15374,,,,
14399,15367,Blk 85,1.27763662023223,103.80858552939208,1.0
4159,15364,Aft Chijmes,1.29489484954945,103.85108138663934,1.0
78229,15362,Blk 485,1.37411139885456,103.96093853137384,2.0
27399,15359,Bet Blks 859/860,1.34866469760279,103.69640367719292,1.0
70109,15331,Gulab Bldg,1.32946242383323,103.874037265782,1.0
71129,15320,UBI STN EXIT A,1.329761944,103.8991489,1.0
59611,15318,Opp Yishun Community Hosp,1.42362582861812,103.83666744952644,2.0
78169,15318,Opp Blk 216,1.36906973013181,103.96024801184656,2.0
5519,15312,Blk 1G,1.27553472200739,103.84112694400494,1.0
76111,15308,Blk 945,1.35157455446947,103.94023387732626,1.0
58271,15284,Blk 335,1.44702783502401,103.81470654183288,1.0
92159,15262,ST. PATRICK'S SCH,1.309748,103.9166295,1.0
84621,15256,Opp Blk 716,1.33831497804809,103.9249204585602,2.0
14209,15254,Aft Hewlett Packard,1.28176397706369,103.80958869712056,1.0
63199,15223,Aft Phillips Ave,1.36327972197547,103.8738380559882,2.0
17091,15211,Aft Clementi Ave 1,1.30904805161426,103.77157783850733,2.0
14221,15211,Opp Ch of St. Teresa,1.27359332247784,103.82893371728431,1.0
17031,15204,Kent Ridge Sec Sch,1.30172305827699,103.76567633935802,1.0
59459,15201,Opp Huamin Pr Sch,1.42637371131971,103.84259503772016,1.0
61111,15194,Blk 114B,1.3354995,103.872035,1.0
84309,15191,Blk 423,1.32802803259661,103.9268740468812,1.0
63191,15183,Aft Serangoon Nth Ave 1,1.36426277802723,103.87403972199432,1.0
58381,15181,Blk 469B,1.44797049342873,103.81337787352544,1.0
59621,15153,Bet Blks 318A/318B,1.43416283001882,103.84410555917717,1.0
62261,15132,,,,
27419,15126,Blk 827,1.34575472199235,103.6928200000021,1.0
76391,15112,Blk 418,1.35844376751138,103.947541136035,2.0
17101,15104,Blk 352,1.31487473157856,103.77179195235536,2.0
54479,15100,Blk 538,1.37579335077466,103.853200441537,1.0
55089,15079,Aft Sunrise Gdns,1.39129403706334,103.85630398734284,1.0
93011,15075,Opp Neptune Ct,1.30822971200422,103.92151900444856,1.0
44641,15055,Blk 602,1.38178063199093,103.76285898246776,1.0
66589,15041,Buangkok Sports Pk,1.381992,103.8794283,1.0
13081,15033,St. Thomas Wk,1.2959113890106,103.83624277798825,2.0
22441,15031,Blk 669 CP,1.342816,103.70358,1.0
84449,15028,,,,
76289,15027,Blk 801,1.34738728491099,103.93814569319092,2.0
41121,15019,S'Pore Bible Coll,1.32554444399609,103.81350777801268,2.0
18071,15015,NUH,1.295425,103.784491,1.0
84151,15015,Casafina,1.31656999665769,103.93334015990408,1.0
67211,15013,Ranggung Stn Exit A,1.38393828115359,103.89765917692944,2.0
43779,15011,Blk 433C,1.36195561634293,103.74177024979922,1.0
47599,15003,Blk 683A,1.4399264222862,103.80263149734922,1.0
98319,15003,Aft Ballota Pk,1.3592369444173,103.96845690524152,1.0
53331,14999,Bef Bright Hill Tp,1.363006,103.836624,1.0
46429,14974,,,,
43369,14965,Blk 183,1.34687447962614,103.7435830555251,1.0
10519,14965,Blk 4,1.291728,103.826122,1.0
22359,14934,Blk 717,1.3425266670299,103.69727527800596,2.0
44211,14932,Blk 127,1.37610015820197,103.76921822286212,1.0
11409,14929,Blk 9,1.3076441670056,103.7943258330196,2.0
46569,14914,,,,
6159,14913,Opp Hotel Miramar,1.28909385421188,103.8368794036018,2.0
59819,14882,Blk 467C,1.42696,103.851955,1.0
44571,14881,,,,
13079,14869,GREAT WORLD STN EXIT 4,1.29612213279141,103.83229211134126,1.0
43441,14857,Opp Blk 258,1.35173000550557,103.75897289147882,2.0
44569,14847,,,,
80259,14842,Aft Chen Li Presby Ch,1.30989499998519,103.87988833298908,1.0
61049,14834,Aft Bartley Rd,1.34196277802503,103.8709686110327,1.0
53021,14815,Lakeview Estate,1.34967996840542,103.83652457261992,2.0
63089,14810,Blk 241,1.35653228525134,103.89213497244268,1.0
50051,14805,Thomson Med Ctr,1.325878056,103.8418119,1.0
43059,14794,The Rail Mall,1.359408611,103.7674364,2.0
64081,14769,,,,
57071,14761,Opp Khatib Camp,1.424958,103.8255225,2.0
84551,14756,BLK 51,1.32853887137542,103.9225201285922,2.0
67279,14742,Blk 301D,1.38809305404187,103.89167879073923,1.0
65399,14730,,,,
64129,14724,Blk 988B,1.37995970749936,103.87686804999332,2.0
72029,14712,Opp Blk 646,1.33086398684,103.90655207721196,1.0
40339,14711,Blk 448B,1.35347432348291,103.74087652056193,1.0
52559,14707,,,,
59401,14703,Blk 358,1.42705456686774,103.84615134332738,1.0
47681,14657,,,,
43481,14642,Blk 315,1.35992912103835,103.74637905142735,1.0
17029,14624,Opp Waseda S Snr High Sch,1.29694570097768,103.76710295331488,2.0
4151,14622,Cath Of The Good Shepherd,1.29533777799211,103.8511397219812,2.0
53271,14621,Opp Kuo Chuan Presby Sch,1.3493461110909,103.85391500001568,2.0
21681,14620,Opp Blk 200,1.34228732259066,103.71466298692036,2.0
28079,14598,Blk 210,1.33839906637569,103.7386009027093,1.0
44891,14585,APSN,1.37409009466488,103.74930160167106,1.0
41071,14563,Opp Natl JC,1.328988333013,103.80266277802424,1.0
50249,14559,S'pore Khalsa Assn,1.317187,103.857005,1.0
83029,14558,Aft Kg Eunos,1.31774429797349,103.90635251996308,2.0
59161,14556,Opp Blk 201,1.43014843981169,103.83793159453415,1.0
59299,14476,,,,
16061,14472,Opp Heng Mui Keng Terr,1.29046257201356,103.77356171611028,1.0
78209,14470,Blk 242,1.3713650312338,103.9622141883918,2.0
53211,14456,Opp Raffles Instn,1.34707169454274,103.84712672325324,1.0
62041,14447,Opp Bethany Presby Ch,1.3483829232168,103.88018488884607,2.0
21451,14446,Blk 206,1.34524833302487,103.7147300000144,1.0
70201,14439,OPP MACPHERSON STN EXIT D,1.32461138902969,103.88885416699938,2.0
76511,14434,The Tampines Trilliant,1.359138,103.939389,1.0
44279,14420,Blk 157,1.37910867690077,103.75635459940506,1.0
67369,14396,Blk 306 CP,1.39071731059511,103.88853458899818,1.0
75249,14396,Temasek Poly West G,1.34791499671757,103.93017010145029,2.0
22249,14389,Blk 622,1.34016007378301,103.69865436006684,2.0
63271,14378,Blk 239,1.35639501261001,103.88997632456076,1.0
14199,14377,Blk 118,1.28131676735406,103.81275056370772,1.0
64369,14374,Blk 532,1.376302,103.891097,1.0
54439,14374,,,,
67179,14373,Opp Blk 225A,1.38741393896265,103.8979957397525,2.0
67619,14370,Blk 201C,1.38776797851536,103.89401435851153,1.0
52319,14351,,,,
59521,14340,Yishun Emerald,1.44003661278482,103.83171080846516,1.0
27401,14339,Opp Blk 821,1.34736600563095,103.6941379590552,1.0
66091,14333,Golden Hill Est,1.35454666698201,103.86145166702076,1.0
75201,14330,Blk 835,1.35078500992301,103.93353377368994,2.0
54061,14328,Blk 244,1.36728801688172,103.83404076959498,2.0
70111,14327,Opp Cencon Bldg,1.3307766855737,103.87714812684304,2.0
3019,14321,OUE Bayfront,1.284245000013,103.853108055996,1.0
52149,14316,Blk 139A,1.33640498933489,103.84357399610558,1.0
96181,14312,Blk 151,1.34563053684832,103.9577052878116,2.0
21771,14309,AFT CORP DR,1.3266,103.723626,2.0
51069,14297,Mt Alvernia Hosp,1.34125785266365,103.83660435635784,1.0
5631,14295,Blk 16,1.27346055934188,103.84034718190608,1.0
84639,14288,Aft Waterfront Waves,1.33857139776249,103.92937717202952,1.0
98311,14285,Bef Mariam Wk,1.35930611110109,103.96849111110151,1.0
44511,14278,Blk 289,1.379843,103.741069,1.0
80039,14277,Opp Lor 1 Geylang Ter,1.30992336177794,103.87144344651485,1.0
43259,14270,Opp Hillbrooks,1.35757277797812,103.76266305599302,1.0
21459,14255,Blk 209,1.3455804550235,103.71491332975408,1.0
59319,14239,,,,
1239,14234,Sultan Plaza,1.30291236608351,103.86161817611134,1.0
44311,14227,,,,
68039,14223,Aft Abundant Grace Ch,1.39652972197871,103.87311388899468,1.0
16229,14220,Haw Par Villa Stn,1.2830090731877,103.78159959377588,1.0
20189,14206,Opp Ayer Rajah CC,1.32030501410074,103.74727299945997,1.0
46439,14205,,,,
55021,14200,OPP SEASONS PK,1.3857011784032,103.83872706499656,2.0
16159,14172,Coll of Design & Engrg,1.30060333385651,103.77017032679848,1.0
28311,14170,Blk 209,1.33825277511898,103.74108351905208,2.0
14271,14128,Al-Amin Mque,1.27568194286532,103.81914854048932,1.0
14539,14127,Beach Station Bus Terminal,1.251427,103.818545,1.0
28359,14119,Blk 350,1.34388722199927,103.73119944403174,1.0
84629,14110,Blk 716,1.33815749250804,103.92537872720727,1.0
17149,14109,Blk 426,1.31171515103681,103.76346179699716,1.0
70121,14091,Aft Jln Muhibbah,1.3319080537309,103.8811428214188,2.0
64429,14090,Blk 412,1.37481689904602,103.8952195672541,1.0
20271,14085,Opp German Ctr,1.32527553308365,103.74550887325395,1.0
47549,14083,Opp Blk 639,1.4379048516895,103.80352352573782,1.0
19051,14060,New Town Sec Sch,1.30896444398008,103.77392333299538,2.0
14519,14059,Resorts World Sentosa,1.25352193438281,103.82570322127442,1.0
62129,14051,Blk 403,1.34698958928417,103.872054885247,1.0
43541,14031,Blk 510,1.35288,103.755002,1.0
92181,14004,112 Katong,1.30528972611328,103.9053499793448,1.0
18049,14001,Opp Science Pk,1.29018147748939,103.79208093037772,2.0
70301,13996,Aft Paya Lebar St,1.33965760027057,103.88575915318089,1.0
40111,13994,Ferrell Residences,1.31806499998598,103.83262555597636,1.0
43589,13979,Opp Blk 347,1.36227296946091,103.75153180716008,2.0
65319,13978,Oasis Stn Exit A,1.40257805553795,103.91244500001986,2.0
44829,13977,Opp Blk 650,1.38671416700146,103.7630574999811,1.0
41031,13965,Bef Crown Ctr,1.3230683576264,103.811977237669,1.0
43051,13962,Opp The Rail Mall,1.35910148170791,103.76705036241354,1.0
40349,13947,Blk 461,1.35497444398167,103.73939913984924,2.0
94059,13927,Temasek Sec Sch,1.31707137658578,103.9479809249404,1.0
70191,13914,OPP BLK 66,1.327333,103.887875,1.0
96259,13911,Aft Changi General Hosp,1.34043019344412,103.95124680626644,2.0
52099,13907,Opp NKF,1.32652328466497,103.85488905075222,1.0
3222,13905,Hub Synergy Pt,1.27397836925637,103.84489562922414,2.0
99181,13903,Bef S'pore Aviation Ac,1.38775412603923,103.988503099751,1.0
92221,13897,Blk 19,1.30496423786628,103.9149355888594,2.0
85019,13897,Eastwood Ctr,1.321288333018,103.95534472201146,1.0
61019,13888,Opp Blk 101,1.33320166700854,103.86976166703384,1.0
10069,13883,Opp Blk 140,1.27855472196877,103.83008250001669,1.0
63021,13880,The Helping Hand,1.3570580828827,103.8816161308762,1.0
28039,13874,Aft Boon Lay Sub Stn,1.3280750000324,103.75140833297368,2.0
10321,13870,Opp Grace Ably of God Ch,1.29428332949691,103.81587839882768,1.0
52399,13867,,,,
52391,13850,,,,
58409,13839,Blk 491,1.4561083849161,103.81810058815044,1.0
59199,13839,Blk 250,1.43609553700432,103.84224938363204,1.0
76129,13831,St. Hilda's Sec Sch,1.34988214931301,103.93791583710508,2.0
65561,13828,,,,
28081,13789,Blk 112,1.33950830792818,103.73664764665054,1.0
58051,13781,Blk 592C,1.45087972197488,103.82843083296738,2.0
62031,13771,Bef How Sun Rd,1.34521001044775,103.88171014272702,2.0
13141,13771,Aft Zion Full Gospel Ch,1.29763682834545,103.82997986347917,2.0
44581,13766,Blk 489A,1.37532277779344,103.7403135298616,1.0
84549,13763,Opp Blk 42,1.32720168851924,103.9251208888302,1.0
46699,13759,,,,
46199,13751,Blk 120,1.43955043252866,103.78065534399263,1.0
2029,13745,Aft Esplanade Stn Exit D,1.290106,103.85464,1.0
14331,13734,Opp Blk 70B,1.27694611110347,103.8110680555484,1.0
43241,13728,Opp Hillview Apts,1.35584392851879,103.76188709548238,1.0
78219,13711,Opp Blk 204,1.36725694472542,103.96327818546207,2.0
27391,13705,Blk 857,1.34842706557746,103.6963119899037,1.0
96061,13687,Opp Mera Terr P/G,1.34695398893694,103.96294329979928,2.0
43581,13668,Blk 347,1.36251939522797,103.75138384429646,1.0
52191,13655,Blk 138B,1.33636138602833,103.84608389640736,2.0
12039,13644,Opp Pandan Valley Condo,1.32104526183447,103.78018998386835,2.0
70291,13634,Asiawide Ind Bldg,1.33743499996855,103.88713611112668,1.0
70299,13624,Opp Asiawide Ind Bldg,1.3374750000156,103.88758305557133,1.0
64329,13621,Rio Vista,1.37240520198465,103.90067635112096,1.0
65341,13574,Opp Blk 272C,1.40194694990354,103.9009230492748,1.0
55081,13574,Opp Sunrise Gdns,1.39177133420779,103.8559732827973,2.0
67159,13573,Kangkar Stn Exit A,1.38436793782529,103.90225602044252,1.0
92151,13573,Christ Meth Ch,1.3098029425373,103.91602380242344,2.0
54411,13555,,,,
59311,13549,,,,
10329,13546,Crescent Girls' Sch,1.29364671283262,103.81597460107542,1.0
27461,13524,Opp Blk 276B,1.35293305775698,103.70512862147235,1.0
14259,13520,Blk 11,1.27784501068205,103.81865821941,1.0
44089,13511,Opp Blk 296A,1.37648110284286,103.74094532328144,1.0
20219,13507,Opp Blk 41,1.32205689998871,103.74143326706027,1.0
65079,13472,Blk 102C,1.398951,103.904753,2.0
21651,13439,Opp Chinese Gdn,1.33873014874255,103.72402172321266,2.0
66361,13419,Blk 319,1.35258501828366,103.86824850324253,1.0
65531,13416,,,,
96069,13415,Mera Terr P/G,1.34665000850794,103.96311235602504,1.0
43439,13413,Blk 242,1.35118101224765,103.75622664327469,1.0
44351,13407,Aft Chestnut Ave,1.36823452426378,103.77558853634072,1.0
14049,13403,Opp Blk 55,1.27324166755337,103.81304231999674,1.0
96189,13371,Blk 166,1.3452978033151,103.95793622236005,1.0
70161,13359,OPP MATTAR STN EXIT A,1.32758635490072,103.88324806418214,1.0
17079,13355,Blk 512,1.30968304242083,103.75999360222924,2.0
59209,13354,Blk 272,1.43856611102095,103.84021166701386,1.0
46859,13341,,,,
80141,13333,Opp S.A. Deaf,1.30711835522323,103.87989373246153,1.0
53279,13332,Kuo Chuan Presby Sch,1.34970265350038,103.85391302825673,1.0
46121,13326,Opp Marsiling Lane Mkt/Fc,1.44387999997343,103.7764388889843,2.0
21579,13325,Jurong Sec Sch,1.33013472279057,103.72318086110512,2.0
27349,13323,Blk 745,1.34680805601666,103.69781805598312,2.0
23499,13316,Joo Koon Stn Exit A,1.32755092355685,103.67805103515067,1.0
43231,13309,Opp The Petals Condo,1.35393625714127,103.76006304222618,1.0
46659,13307,,,,
56059,13301,Bef Tagore Rd,1.38268805765919,103.82604547355083,1.0
75489,13301,Opp Blk 609D,1.363941111,103.9381689,2.0
47511,13289,,,,
44369,13287,Dairy Farm Mall,1.36574284265165,103.7753149073364,1.0
61029,13274,Opp Woodleigh Pk,1.336175,103.870563,1.0
47509,13273,,,,
41129,13263,Opp S'Pore Bible Coll,1.32542946413096,103.81399869920736,1.0
63029,13258,Opp The Helping Hand,1.35727472200293,103.88218027802674,1.0
40191,13233,Aft Draycott Pk,1.31268555601325,103.8304269440197,2.0
4229,13233,High St Ctr,1.29044830830726,103.84875123545264,1.0
44381,13194,Blk 202,1.37242134216992,103.77441361028244,1.0
59289,13188,,,,
98129,13185,Opp Krislite Bldg,1.372043,103.970477,2.0
82149,13167,Bef Koon Seng Rd,1.31101372476887,103.90136361120996,1.0
23491,13146,Joo Koon Stn Exit B,1.32792408366339,103.67780864699095,1.0
16041,13145,OPP LUXE VILLE,1.2893086506189,103.77660095143266,1.0
47039,13140,Aft View Rd,1.45156922188356,103.78905216062748,1.0
44111,13135,Opp Blk 203,1.38094121398036,103.7497522420396,1.0
58389,13127,Opp Blk 469B,1.44773992017207,103.8135666814871,1.0
83301,13126,Aft East Coast Rd,1.30887166700305,103.90817888897894,2.0
75069,13115,Blk 960A,1.34066333296943,103.9366999999988,2.0
46649,13114,Blk 515,1.43513571565336,103.79042134084122,1.0
75579,13112,BLK 630B,1.363603,103.94323,2.0
84281,13106,Blk 180,1.32657714220068,103.9403951168328,1.0
93049,13102,Lagoon View,1.31073016722066,103.9329857782451,2.0
42181,13099,Opp The Hillford,1.3436280559857,103.76943333300858,1.0
80029,13093,Bef Kg Bugis,1.3094187398083,103.86753497349068,1.0
21699,13074,SUMMERDALE,1.34154982082089,103.71203075013112,1.0
80161,13071,Opp Nicoll Highway Stn,1.30032715605093,103.8624541086332,2.0
46249,13069,,,,
64231,13066,Blk 316,1.36479332441286,103.8968501202605,1.0
20129,13056,Bet Blks 50/51,1.32034555007728,103.73754105423453,1.0
27321,13037,Blk 949,1.34403944399659,103.6917308330011,1.0
65311,13018,Oasis Stn Exit B/Blk 617D,1.40201500002599,103.91285694443438,1.0
65529,12998,Aft Punggol Field,1.39161433333333,103.914103333333,2.0
59341,12990,Khoo Teck Puat Hosp,1.42367163179884,103.838644569159,2.0
43781,12974,Opp Blk 437A,1.35886131299107,103.73860159776645,1.0
43549,12969,Regent Hts,1.352775,103.755295,1.0
78211,12968,Blk 204,1.36790255939851,103.96243675215658,1.0
44069,12967,Aft KJE Slip Rd,1.38592018696626,103.75717769160772,1.0
52261,12965,Opp Blk 73,1.33403167346972,103.851281404484,1.0
47601,12952,Blk 793,1.44211880036977,103.80304911976371,1.0
53029,12939,Shunfu Est,1.34939240848355,103.83729222566144,1.0
22459,12937,Blk 643,1.33856290426228,103.69572041924056,1.0
21571,12932,Opp Jurong Sec Sch,1.33056719470166,103.72307005592994,1.0
27199,12917,Hall 11,1.35434216792763,103.68685754938303,1.0
52441,12913,Blk 202,1.34083165668042,103.84976000739448,2.0
75319,12912,Aft Tampines Lk,1.367593,103.931091,1.0
54659,12890,Techplace 2,1.37834008020794,103.86686274044776,1.0
28381,12885,Blk 515,1.34626967118054,103.72129604136144,2.0
54451,12883,Blk 643,1.37723501808517,103.84059645206445,1.0
65059,12882,St. Anne's Ch,1.39269,103.901269,2.0
1521,12877,Opp Plaza Parkroyal,1.30088304437602,103.86066098182194,2.0
82139,12871,Maranatha Hall,1.30938972202558,103.8993688889806,1.0
65239,12852,Riviera Stn Exit A,1.39410461413829,103.91603484855352,2.0
42061,12841,King Albert Pk,1.33687567142278,103.78038743713434,1.0
13089,12838,Opp St. Thomas Wk,1.29575111096804,103.8360411110338,1.0
56051,12835,Opp Tagore Rd,1.38249472962714,103.82576395474278,1.0
77311,12831,Bet Blks 771/772,1.37581953068998,103.936865329717,1.0
52499,12831,St. Michael's Ter,1.32603759751245,103.85537211273478,1.0
71161,12824,Blk 3019,1.32732994325917,103.89209147524538,1.0
50049,12820,Opp Novena Lodge,1.32354108650178,103.84189326889334,1.0
17039,12817,Opp Kent Ridge Sec Sch,1.3015316464856,103.76606427132045,2.0
46559,12815,,,,
52209,12813,Blk 101C CP,1.33925873230713,103.84678448871398,1.0
52351,12798,Blk 2,1.33836800687246,103.85328005892129,1.0
58109,12786,Opp Blk 311,1.44667607916689,103.82309298513005,2.0
52139,12784,Oleander Twrs,1.33271833297864,103.84404416701967,1.0
97019,12782,Opp Salvation Army,1.3529227886583,103.96544071070836,1.0
4329,12776,Opp UE Sq,1.29197057108024,103.84328384973516,1.0
67111,12775,Chij St. Joseph'S Convent,1.39105369405739,103.90237246307768,1.0
11239,12769,Fairlodge,1.31152857401616,103.80165517330278,1.0
54621,12763,BLK 223,1.36595331171712,103.837730713056,1.0
43709,12760,Blk 644,1.3486867689202,103.75207088829217,2.0
45079,12755,Aft Mandai Rd,1.40959346067748,103.75588199006808,1.0
64571,12749,Blk 438,1.37811157042732,103.89296494237696,1.0
54091,12748,BLK 331,1.36167975047647,103.85092799797832,1.0
75079,12744,Blk 819,1.34858249441921,103.9370121634589,1.0
57021,12738,Forest Hills Condo,1.40414074099185,103.81834244198308,2.0
19059,12737,University Town,1.30894500001531,103.7727225000061,1.0
57121,12699,Opp Blk 115B,1.43345083292583,103.82631132424072,2.0
63181,12698,Bef St. Helier's Ave,1.36083138898279,103.8734622220156,1.0
77329,12685,Bef Pasir Ris St 53,1.37283117687855,103.94765867700548,2.0
52231,12683,Blk 79C,1.3343049899737,103.8487842386021,2.0
63371,12670,Blk 679,1.37115666339413,103.88514405987183,1.0
77241,12667,Opp Blk 640,1.37531331487507,103.940272636011,2.0
43268,12662,Hillington Green Condo,1.36036935442362,103.76427530511684,1.0
67131,12643,Bakau Stn/Blk 122F,1.38767805568948,103.90527388892868,1.0
1339,12623,Bef Crawford Bridge,1.30774601733202,103.8642627465441,1.0
66541,12614,Blk 980C,1.37977511312504,103.88135493816362,1.0
17269,12608,,,,
96149,12606,Simei Stn/Blk 247,1.34448666696732,103.95318111098746,1.0
99041,12605,Aft Changi Golf Course,1.38779999993686,103.9854733333474,1.0
1541,12598,Bugis Stn Exit D,1.29886465442254,103.85734583628746,1.0
53391,12593,Opp Blk 203,1.35444291744538,103.84696320325271,2.0
54331,12574,Blk 346,1.36719473720813,103.85056845375878,2.0
17251,12567,Blk 460,1.31148,103.76744,2.0
76519,12565,BET BLKS 524B/523D,1.35920624506603,103.93921870101352,1.0
58151,12565,Bef Sembawang Stn,1.44835904274406,103.82201343608212,1.0
43251,12563,Hillbrooks,1.35859534411792,103.76319656643706,2.0
43431,12553,Opp Blk 242,1.35138376789986,103.75644264494996,2.0
83151,12535,Parkway East Hosp,1.31488002411227,103.90911503893872,1.0
62089,12534,Bartley Chr Ch,1.34383983323818,103.8782509427123,2.0
54611,12530,BLK 220,1.36489470522366,103.84057417396242,1.0
21559,12527,CISCO Recall,1.326626598883,103.72063909698711,1.0
63239,12507,OPP BLK 211,1.35891911967242,103.8878789953328,1.0
20201,12492,Bef Blk 39,1.32127611097845,103.74340527799252,2.0
92171,12492,Marshall Lane,1.30837865741776,103.90304313394574,1.0
58401,12489,Opp Blk 491,1.45575658287341,103.81800207598673,1.0
8137,12476,Orchard Plaza,1.30073968408393,103.84100500816844,1.0
70269,12463,Citipoint Ind Cplx,1.32824611112671,103.89014388885742,1.0
10469,12460,Bef Margaret Dr,1.29668400003303,103.81216918970024,1.0
53169,12452,Blk 254,1.362165,103.842512,1.0
45071,12446,Bef Mandai Rd,1.40955433592964,103.75568311864468,1.0
12079,12437,Opp Blk 116,1.32383187575187,103.7726309437574,1.0
45319,12426,,,,
43811,12423,Bef Summerhill,1.358391,103.7649,1.0
83031,12413,Opp Hong San Si Tp,1.32027026937212,103.91000032422843,2.0
57079,12401,Khatib Camp,1.42443860227619,103.82566793061788,1.0
58281,12388,Sembawang Sec Sch,1.4450136750226,103.8162666133863,1.0
84289,12378,Opp Blk 180,1.32663077053638,103.94017072989196,2.0
14391,12373,Opp Blk 85,1.27790999999895,103.80858611110148,1.0
98121,12365,Krislite Bldg,1.37205479195352,103.97023200986916,1.0
46191,12360,Opp Blk 120,1.43978268235949,103.78053807087814,2.0
20261,12357,Aft Pandan Gdns,1.3215997308483,103.74546423225031,1.0
11039,12354,Blk 19,1.29245762862665,103.79998683928974,2.0
46851,12339,,,,
58059,12329,Opp Blk 592C,1.45079007708143,103.82866296034206,1.0
65401,12316,Opp Blk 264A,1.40653182138609,103.89871180015278,2.0
67261,12310,Blk 203B,1.3865874133088,103.89464206866457,2.0
62029,12290,Paya Lebar Gdns,1.34411328094155,103.88273473175272,1.0
78201,12259,Opp Blk 242,1.37134689166636,103.96205663680765,1.0
44709,12247,Blk 547C,1.3885418939603,103.76842967593706,1.0
65699,12234,Blk 437B,1.419958,103.912031,1.0
64421,12227,Blk 421,1.37505042808455,103.89511829229475,2.0
44899,12205,Opp APSN,1.37432287109092,103.74949989571633,1.0
64621,12196,Blk 565,1.38133333296872,103.88821499999295,2.0
76259,12196,Opp Blk 487B,1.35967015846114,103.95842446373796,1.0
13062,12189,STELLAR RV,1.29476674399435,103.82853268161284,2.0
46631,12187,W'Lands Stn Exit 5,1.43689297551872,103.78915264291736,2.0
27331,12182,West Grove Pr Sch,1.34537305600812,103.69941138898014,1.0
93089,12181,Opp Goodwill Ct,1.31295810131062,103.92790605020116,1.0
76399,12180,Blk 417,1.3586225675181,103.94723337005571,1.0
83159,12177,Opp Parkway East Hosp,1.31480354064185,103.90947767042404,1.0
96291,12171,Blk 223,1.34193564484603,103.9577203439232,1.0
5641,12168,Bef Cantonment Rd,1.27272393115133,103.84140618785226,2.0
76209,12154,Blk 233,1.35660332787929,103.94766913185744,1.0
46969,12146,,,,
46511,12143,Marsiling Pr Sch,1.43438229479103,103.77255675974702,1.0
62021,12124,Wisma AUPE,1.3436889743392,103.8825074871872,2.0
59741,12113,Opp Orchid Country Club,1.41554882267258,103.84464056605152,2.0
61021,12111,Aft Woodleigh Pk,1.33627668492978,103.87018878876424,2.0
58379,12104,Opp Blk 325,1.44428574142951,103.81900511225648,1.0
59351,12093,,,,
42171,12078,Signature Pk Condo,1.34261833302181,103.77026361103133,1.0
40049,12069,Opp Newton Stn Exit C,1.31402305600959,103.83884638900086,2.0
18079,12066,Opp NUH,1.2964817739742,103.78455389999202,2.0
55149,12061,BLK 622,1.38147638900431,103.8392680559805,1.0
28581,12061,Blk 491,1.34925114010527,103.72570564902432,1.0
52219,12050,Bef Caldecott Stn Exit 3,1.338026,103.840252,2.0
22251,12047,Blk 665A,1.34073333303053,103.70265666700926,1.0
62039,12039,Raya Gdn,1.3467680506898,103.880911959518,1.0
27159,12013,,,,
30029,12009,Keat Hong Camp,1.37415602765485,103.71709630730658,1.0
59631,12008,Opp Blk 445,1.42333778088573,103.84397389045571,1.0
44119,11998,Blk 204,1.38048445565999,103.74930565785152,2.0
75109,11996,,,,
83049,11980,Bef Lor 110 Changi,1.318489754773,103.91002178191968,1.0
67101,11973,Blk 250A,1.39143144034973,103.89956953538392,1.0
67249,11969,Blk 259C,1.39376571527248,103.89850423466406,1.0
27329,11964,Blk 840,1.34404250003243,103.6918649999978,1.0
93139,11947,Eastern Lagoon II,1.31278641539067,103.9338525622476,1.0
67471,11937,Layar Stn Exit B,1.39218567915754,103.88018144124132,2.0
46811,11933,,,,
53291,11911,Shunfu Mart,1.35231394964571,103.8371139764859,1.0
53339,11910,Opp Bright Hill Tp,1.36312998205072,103.8367836110905,1.0
11091,11884,Leedon Green,1.31219444050072,103.80367378215983,1.0
18011,11871,Aft Hortpark,1.28087089714667,103.8021033300325,1.0
3218,11862,Opp MAS Bldg,1.2740788888387,103.84687388890411,1.0
44449,11860,Palm Gdns,1.37889232196067,103.74762704486072,2.0
22461,11855,Opp Blk 653B,1.33596194443399,103.6962049999685,1.0
65339,11853,Blk 268C,1.4031330662473,103.8980438895579,2.0
23181,11849,Aft Kian Teck Rd,1.32790305599387,103.69448861100469,1.0
11131,11845,Queens Condo,1.2928849988829,103.8070669441734,1.0
3111,11829,Aft Capital Twr,1.2778259536079,103.8481011719729,2.0
80319,11821,Geylang West CC,1.31484297001272,103.87262229395158,1.0
16151,11819,The Japanese Pr Sch,1.30076138899694,103.76993555602373,1.0
77271,11812,Aft Pasir Ris St 72,1.38058998439068,103.9349613837619,2.0
75581,11798,BLK 637 CP,1.363484,103.944546,1.0
23189,11776,Bef First Lok Yang Rd,1.32764459746447,103.69397532297508,1.0
12071,11772,Blk 116,1.32402249998323,103.77219388896604,2.0
74051,11769,Tampines Dormitory,1.366363,103.929336,1.0
14299,11769,Opp Blk 27,1.27488820445716,103.82127132943862,2.0
43261,11761,Opp Hillview Hts,1.3614550000211,103.76436750000347,1.0
6049,11758,BEF OUTRAM FLYOVER,1.28474856880259,103.83517705055232,1.0
75289,11755,Opp Blks 741/742,1.36045667202312,103.93331674675824,2.0
4029,11741,BEF BENCOOLEN STN EXIT A,1.29948166696821,103.8509266670124,1.0
11061,11741,Opp Queensway Sec Sch,1.30265777802206,103.80118694402536,2.0
66571,11690,Buangkok Sq,1.384484444,103.8813056,1.0
12069,11678,Opp Blk 109A,1.321433056,103.7710419,1.0
77041,11667,Blk 541,1.36944854648197,103.95130450100082,2.0
47759,11664,,,,
40379,11620,Blk 467 Cp,1.35754268986546,103.74357270089524,2.0
59321,11611,,,,
93099,11580,Siglap Sth CC,1.31390444400831,103.93171138898548,1.0
28411,11577,,,,
67271,11550,Blk 201 CP,1.38825138740075,103.89208955744496,2.0
40321,11549,Dulwich College,1.35174487949103,103.73947152056856,1.0
51019,11545,Thomson Flyover,1.32894248973791,103.8406650849602,1.0
59359,11534,,,,
46229,11513,Casablanca,1.43013056874728,103.78706868583512,1.0
14059,11510,Bef Telok Blangah Hts,1.276025,103.815613,1.0
53069,11507,Aft Windsor Pk Rd,1.35777159286274,103.82894351047116,1.0
92189,11479,Opp 112 Katong,1.3047647219741,103.90592361097,2.0
6149,11478,HAVELOCK STN EXIT 4,1.28984045728104,103.83411526676927,2.0
58371,11464,Bet Blks 325/326,1.44449009584233,103.8190895319006,1.0
17071,11463,Blk 513,1.30891781912545,103.76044433406533,1.0
43471,11459,Blk 306,1.35796999999619,103.74730694399486,1.0
72049,11453,Opp Blk 660A CP,1.33490332816583,103.90747460787432,1.0
63339,11445,Opp Blk 615,1.36811854812783,103.88451259380584,1.0
43679,11445,Blk 402,1.36506686600259,103.74421935477038,1.0
21391,11441,River Valley High Sch,1.34485064221938,103.70847936082644,2.0
11221,11437,Lien Twrs,1.310019,103.805506,1.0
67241,11435,Blk 248A,1.39299612191324,103.89844142173672,1.0
76301,11433,,,,
84191,11429,Blk 220 CP,1.32566318975139,103.93533757051014,2.0
46749,11427,Opp Seagate,1.44598746959694,103.80719081852185,1.0
46661,11425,,,,
57029,11422,Aft The Springside,1.40396290628178,103.81862261343508,1.0
30129,11420,OPP BLK 805D,1.37203889001441,103.74381033081468,1.0
64011,11416,Naung Residence,1.36756333302324,103.8927594439902,1.0
96251,11374,Bef Changi General Hosp,1.34026697859529,103.95138028105872,1.0
70131,11368,Bef Davidson Rd,1.3327616336301,103.88503448837112,2.0
63329,11365,Opp Blk 627,1.36862870083779,103.882008479663,1.0
82089,11334,Aft Ipoh Lane,1.31086356037133,103.89430403711836,1.0
65409,11325,Bef Blk 264,1.40624496856359,103.89957451783918,1.0
78159,11320,Opp Blk 230,1.37246473904375,103.960537783034,2.0
75039,11316,Springfield Sec Sch,1.3506577199911,103.92956819494434,1.0
44589,11299,Opp Blk 489A,1.37512566998176,103.7401815256426,1.0
10271,11283,Opp Tanglin View,1.29115999997607,103.81757666701353,1.0
11291,11282,Cold Storage Jelita,1.31792777802094,103.78592333300938,1.0
76251,11224,Blk 487B,1.35970826873107,103.95823716945422,2.0
14309,11220,Blk 41,1.27128899958763,103.82302593897192,1.0
17241,11215,Blk 334,1.31519114798349,103.76905503649128,2.0
94009,11202,Upp East Coast Ter,1.31795981372922,103.95256713632445,1.0
28069,11189,Blk 203,1.33644240098532,103.74255737341372,1.0
43809,11184,Blk 514,1.35437129288657,103.7518708699386,1.0
43509,11181,Blk 291E,1.34359093090915,103.75436398130816,1.0
67639,11172,Blk 436A,1.393047,103.875914,1.0
43839,11166,Opp Blk 336,1.36527346533705,103.74824970624866,2.0
70309,11163,Opp Paya Lebar St,1.33965000001824,103.88639700003634,1.0
44441,11159,Blk 239,1.37924285981093,103.74754322627454,1.0
65379,11159,,,,
20269,11130,Bef Pandan Gdns,1.32151780618055,103.74580944947768,1.0
65521,11126,Waterwoods,1.39031766666667,103.912942666667,1.0
19099,11116,Opp S'pore Poly,1.30697118032996,103.78191236221396,2.0
12049,11110,Opp Pandan Valley,1.32091131971837,103.776558889914,2.0
62119,11090,Aft Sunshine Lodge,1.34483265931476,103.8710922003054,1.0
84149,11088,LION HME FOR ELDERS,1.32047933475714,103.93839375752798,2.0
96139,11087,Blk 148,1.34646413372668,103.95585291875304,1.0
55111,11081,Blk 180,1.37695556267127,103.83777368753996,1.0
14509,11066,BLK 92B,1.275651111,103.8068061,1.0
66049,11062,Blk 233,1.35535475300084,103.86896493522666,2.0
65371,11043,,,,
50061,11038,Opp Hotel Royal,1.31743500021924,103.84143789916804,2.0
43239,11034,The Petals Condo,1.35308576389352,103.76002837789773,1.0
76121,11027,Opp St. Hilda's Sec Sch,1.35003333718868,103.93817517168992,1.0
11229,11001,Sommerville Pk,1.31060065879064,103.80522542227166,2.0
64391,10997,Blk 831,1.37145414929063,103.8897657394618,1.0
52479,10994,Opp EAIM,1.32749617656635,103.84578619081432,2.0
28681,10973,Toh Guan Ctr,1.33720242588623,103.75488889772056,1.0
55029,10967,SEASONS PK,1.38565193733046,103.83917105055716,1.0
82081,10962,Aft Dunman Rd,1.31037284851913,103.89412794527634,1.0
64431,10956,Blk 568,1.37809447450304,103.889302789766,1.0
47541,10955,Blk 639,1.43789201937501,103.80334162830194,1.0
52021,10943,OPP BLK 1004,1.34431313758435,103.84766088139544,1.0
53161,10942,Marymount CC,1.362208,103.842055,2.0
92131,10937,Caltex Stn,1.30878111099591,103.91089222198016,2.0
78251,10935,,,,
21161,10931,Blk 216B,1.35043949411648,103.7127413228723,1.0
81201,10926,Opp Geylang Meth Sec Sch,1.31869302203322,103.88300679740438,1.0
18141,10925,Aft Anglo-Chinese JC,1.30418279677397,103.78788091438994,1.0
45269,10911,Blk 544,1.39436168074215,103.7437310247162,1.0
59551,10894,Blk 722,1.42539008150192,103.82822466548578,2.0
67121,10888,Blk 142A,1.38949805550873,103.90518999989366,1.0
75071,10885,Opp Blk 819,1.34893303477474,103.93654250213598,2.0
10481,10878,Opp Blk 73,1.28784195484767,103.81797160113337,1.0
28389,10862,Opp Blk 515,1.34646209983221,103.72147231551902,1.0
78261,10853,,,,
22189,10841,Pioneer Junction,1.33369710730493,103.69666289847902,2.0
11051,10838,Opp Queenstown Polyclinic,1.29872166703909,103.8002979755481,1.0
48111,10833,Opp Bird Paradise,1.40944188012509,103.77966346202638,1.0
10339,10810,Aft Bt Merah Ctrl,1.28115835063292,103.81857250844853,2.0
43489,10795,Opp Blk 315,1.35978620558748,103.74635170320164,2.0
75291,10791,Aft Tampines Ave 9,1.364015,103.930753,2.0
28279,10790,Blk 114,1.33948295480474,103.73423653369264,1.0
54461,10787,Blk 649,1.37747997146347,103.84339938777067,1.0
77239,10786,Blk 643,1.37741830757924,103.93793201117523,1.0
75491,10777,Blk 614,1.365746,103.936676,1.0
92139,10770,Opp Caltex Stn,1.30853972762017,103.91062932209373,1.0
95139,10766,Police Pass Off,1.38557240860116,103.99899787539847,1.0
46421,10762,,,,
44349,10761,Bet Blks 443A/443B,1.3813330335154,103.7693280970516,1.0
72171,10758,Opp HomeTeamNS,1.342473,103.918486,1.0
71101,10754,Blk 318,1.3283069439771,103.902837222025,2.0
11031,10735,Opp Queen's Cl,1.29119666696879,103.80045500000118,1.0
55209,10712,Opp Blk 646,1.37863166702811,103.84468444401315,1.0
50349,10698,Blk 107,1.31930481783402,103.85957694494822,1.0
47119,10692,Aft Senoko Way,1.46646104980927,103.81068004378776,1.0
81151,10690,Kong Hwa Sch,1.31153305600814,103.88784583298124,1.0
92149,10669,St. Patrick's Green,1.30928064742874,103.91434517290192,1.0
46821,10664,,,,
59651,10663,Blk 348B,1.42711698762084,103.8416941886226,2.0
8019,10660,Aft Haw Par Glass Twr,1.29624633745957,103.84407009228418,1.0
72179,10649,HomeTeamNS,1.342322,103.918768,1.0
40031,10636,Newton FC,1.31178509472011,103.8409835964132,1.0
77219,10631,Opp Blk 626,1.3805766269449,103.94064766803564,1.0
5649,10621,Opp Customs Port Br HQ,1.2723842122117,103.84093912218094,1.0
24701,10612,,,,
52299,10611,,,,
84349,10607,Fengshan Pr Sch,1.33091748609947,103.93233223449336,1.0
17181,10597,Opp Blk 317,1.31749570803723,103.7638854582427,1.0
54349,10594,Blk 504,1.37477333299627,103.84810527802902,1.0
44341,10593,Blk 401A CP,1.3811702972192,103.76917730998288,1.0
66529,10586,Blk 538,1.37512174055594,103.87318199195964,1.0
55261,10585,Bullion Pk Condo,1.39203,103.836929,2.0
53251,10582,BLK 125,1.34678829540395,103.85199823380812,1.0
14231,10581,Keppel DP Blk 519,1.27100999999332,103.82667222202473,1.0
52381,10574,,,,
84461,10573,Opp Blk 701,1.33807138901241,103.91939027798064,2.0
46561,10573,,,,
28049,10560,Opp The Synergy,1.33069921313648,103.7481034124348,2.0
96039,10537,Expo Halls 4/5/6,1.33560833298198,103.9584341670328,1.0
40409,10525,Blk 132B,1.357394,103.731808,1.0
26461,10524,Aft Tuas Sth Ave 8,1.29946472196917,103.62876777798095,1.0
1529,10522,Plaza Parkroyal,1.30041667676526,103.86044115259938,1.0
42109,10517,Opp Beauty World Ctr,1.343246111,103.7769164,1.0
81149,10515,The Sunny Spring Condo,1.31212569246254,103.88966028743648,2.0
61011,10512,Blk 103,1.3333927981396,103.86946402615806,2.0
13063,10502,RV SUITES,1.29534692836828,103.8296430911066,2.0
60251,10497,Blk 15,1.32450918973195,103.8615552153952,1.0
44651,10495,,,,
11489,10494,Blk 30,1.298817,103.804395,1.0
47609,10484,Opp Blk 793,1.44184941782685,103.80309468577371,1.0
17111,10477,Blk 343,1.31779809827118,103.77124639148464,2.0
43801,10471,Ren Ci @ Bt Batok St 52,1.35520792569828,103.75173377561002,1.0
46689,10467,,,,
21479,10460,,,,
43771,10460,Opp Blk 433B,1.36200917978122,103.74136328540868,1.0
67531,10455,Blk 158C,1.38786807176296,103.90676693747147,1.0
77221,10455,,,,
50011,10453,Opp Parish Of Christ Ch,1.31181999999518,103.84719777801662,2.0
28089,10436,Bef Yuhua CC,1.34016358625469,103.73634638831608,1.0
11231,10432,Aft Hyll on Holland,1.31115316310297,103.80119919777994,2.0
47561,10424,Blk 620,1.43320820124698,103.79885163626874,1.0
46551,10422,,,,
52579,10413,,,,
77191,10412,Blk 500A,1.37654807606486,103.94602815996554,2.0
27251,10398,Academic Bldg Sth,1.341151,103.683656,1.0
43081,10384,Opp Assumption Eng Sch,1.36704277799302,103.76572777796798,1.0
46329,10368,,,,
16169,10368,NUS Raffles Hall,1.30098333297992,103.77270416701658,2.0
46571,10363,,,,
10021,10362,Blk 3,1.27744837946643,103.83838894560752,1.0
64629,10360,Opp Blk 565,1.38153999996628,103.88805638900106,1.0
72059,10337,Opp Kaki Bt Ind Est,1.33375833299433,103.90428000002385,1.0
76429,10334,Blk 331,1.35369222069272,103.9595890045465,1.0
43479,10312,Opp Blk 305,1.35765247384472,103.74723575988492,2.0
92179,10306,Aft Duku Rd,1.30803621256234,103.90349800941956,2.0
77279,10297,Aft Pasir Ris Ind Dr 1,1.38079641020594,103.9346621770568,1.0
11099,10291,Opp Leedon Green,1.31305333300118,103.80437666697586,2.0
59731,10284,Blk 512A,1.4141292303869,103.84149524920336,2.0
50231,10283,Northlight Sch,1.31872472201456,103.85492583301324,1.0
62111,10281,Aft Sommerville Rd,1.34509852230089,103.87077171254076,2.0
14349,10274,Blk 59,1.27579029839825,103.81339813671548,1.0
65349,10271,Blk 272C,1.40222088604884,103.90077963354756,2.0
76411,10252,Ngee Ann Sec Sch,1.35385001382018,103.95742752062093,2.0
21361,10242,Blk 695,1.34302323304896,103.70767181671128,2.0
76049,10234,,,,
64121,10228,Aft Ang Mo Kio Ave 5,1.37974139718092,103.87650111729936,1.0
43221,10224,Blk 267,1.34885995836966,103.76067444562185,2.0
84311,10224,Blk 521,1.330067,103.927858,2.0
46801,10219,Aft W'Lands Mart,1.44651205748064,103.79756626316296,1.0
47491,10219,,,,
1621,10215,Opp Shaw Twrs,1.29695888888745,103.85655611109846,2.0
43041,10211,Hume Pk Condo,1.35582940983395,103.76845331635312,1.0
67629,10210,Blk 557,1.38027975053648,103.8906049984218,1.0
75269,10205,Blk 522 CP,1.35917286418935,103.93814214622792,2.0
65541,10202,,,,
60039,10198,Opp Blk 66,1.31996473842763,103.86983042567824,1.0
67311,10190,Farmway Stn Exit B,1.39695849054084,103.88980246889258,1.0
98109,10188,Opp Loyang Pt,1.366943,103.965843,1.0
52419,10179,Opp Blk 105,1.32803305599299,103.853917500026,2.0
54101,10172,Aft Ang Mo Kio Ave 10,1.35732097800984,103.85465761724518,1.0
12051,10161,Pine Gr Condo,1.3204289505949,103.7750613105408,1.0
67631,10141,Blk 441D,1.392329,103.87567,1.0
54401,10134,,,,
40371,10104,OPP BLK 465A,1.35813308018627,103.74305344718294,1.0
58291,10101,Blk 317,1.44579319988216,103.8199449173096,1.0
67341,10095,Opp Blk 204 CP,1.38864779457077,103.89505169031366,1.0
40069,10095,Anglo-Chinese Sch,1.31830398893217,103.83435129198834,2.0
83309,10094,Aft Still Lane,1.31045482788745,103.90806851700532,1.0
46681,10087,,,,
44059,10085,Blk 632 CP,1.38449631673384,103.7581759562914,1.0
84081,10074,Opp Blk 40,1.3204380811482,103.94022038903292,1.0
76281,10064,Junyuan Pr Sch,1.34758373789104,103.93848632286073,1.0
58029,10061,The Nautical,1.44315919415772,103.82398509211036,1.0
59801,10051,Blk 382C,1.431669,103.847891,1.0
46789,10041,Opp Admiralty Pr Sch,1.44351138898079,103.8010630560308,1.0
22411,10033,Blk 676B,1.34626796042608,103.70380100924208,1.0
83121,10022,Bef Lor K Telok Kurau,1.31260836391216,103.91063424326732,1.0
17109,10013,Opp Blk 352,1.31552714122807,103.77218311911328,1.0
59379,9997,,,,
44361,9988,Opp Dairy Farm Mall,1.36645894982356,103.77558768232716,1.0
43119,9978,Bef Hazel Pk Terr,1.37337830995776,103.76300821940876,2.0
14051,9977,Aft Telok Blangah Hts,1.275847,103.815157,2.0
16049,9969,WHITEHAVEN,1.28910696351866,103.77738952047318,2.0
46039,9942,Opp Kranji Lodge 1,1.4330873187738,103.7620018061692,1.0
10171,9936,Opp Tiong Bahru Pk,1.28736808047078,103.82346004890805,1.0
21671,9936,Blk 331,1.33806500003375,103.72376166703002,1.0
65481,9935,Opp One Punggol,1.40886523796853,103.90603964310132,1.0
47651,9926,,,,
82051,9920,Aft Tg Katong Stn Exit 2,1.30079999936599,103.89740107761654,1.0
67541,9917,Hockey Stadium,1.39478256874239,103.88633251190508,1.0
92141,9916,KiddiWinkie S/H @ East Coast,1.30939538245506,103.91428724575974,2.0
97011,9916,The Japanese Sch,1.35332331548207,103.96595966764755,2.0
1559,9906,Village Hotel Bugis,1.30168731070562,103.85752923961614,2.0
75101,9901,,,,
75299,9896,Bef Tampines Ave 9,1.364115,103.931119,1.0
12041,9887,Aft Pandan Valley,1.32049172685895,103.77653442120544,1.0
21619,9882,AFT CORP RD,1.33793509893342,103.71816213921478,2.0
59271,9877,Blk 118,1.4362831713903,103.82855161345292,1.0
80289,9868,Sims Pl Ter,1.31607500002964,103.8793280559861,1.0
53071,9864,Opp Flame Tree Pk,1.36063333692202,103.82834252087906,2.0
42119,9864,Southaven II,1.34582513057916,103.77330275765884,2.0
22181,9854,S'pore Post,1.33301611112037,103.69637694442996,1.0
53421,9852,BLK 151A MKT,1.345658889,103.8553811,1.0
20159,9846,Blk 411,1.31851137522994,103.74640166581364,1.0
40039,9842,Opp Newton FC,1.31230305602353,103.8407255559936,2.0
52439,9833,,,,
28379,9826,Aft Jurong West St 51,1.34513639882838,103.72426131705272,1.0
40301,9823,Blk 451A,1.35332581027753,103.74287381027882,1.0
14489,9813,Blk 36 Mkt/FC,1.272377,103.82159,1.0
21691,9812,OPP SUMMERDALE,1.34107859811695,103.71138811111824,2.0
28041,9812,The Synergy,1.33008349967851,103.74828366332322,1.0
4339,9812,FORT CANNING STN EXIT B,1.29221099996741,103.8450050000296,1.0
65159,9811,Cove Stn Exit A,1.39856872266182,103.90665292741664,2.0
47659,9807,,,,
46321,9806,,,,
2171,9803,Opp The Ritz-Carlton,1.29070000003898,103.86092194446034,1.0
4311,9797,Aft River Valley Rd,1.29464575337351,103.8439214229312,2.0
56031,9787,Bef Yio Chu Kang Rd,1.37695666700099,103.82822527799024,2.0
10461,9785,Opp Blk 95,1.29680597432594,103.81169140516062,1.0
59309,9780,,,,
52281,9774,,,,
44389,9752,Opp Blk 201,1.37154303506556,103.77461859337586,1.0
84079,9740,Opp Blk 71,1.32099303797206,103.94325305782594,2.0
55269,9728,Opp Bullion Pk Condo,1.39267,103.836298,1.0
47809,9727,North Link Bldg,1.46379183832972,103.813587498325,2.0
6129,9690,Grand Copthorne Hotel,1.29078162052352,103.83440916705554,1.0
10279,9689,Tanglin View,1.29151373164978,103.81757660887745,1.0
5271,9684,Opp Fairfield Meth Ch,1.27975329525167,103.84382212419122,2.0
3071,9677,80 Robinson Rd,1.27990609626764,103.8494003042448,2.0
45279,9671,Blk 563,1.39565860027275,103.74540871067298,1.0
59499,9671,,,,
21419,9669,Blk 188,1.34388060681347,103.71057645840756,1.0
65209,9662,Blk 201A,1.40040560689368,103.90387509832152,1.0
97059,9643,Changi Women's Prison,1.36075141209876,103.97097232582752,1.0
21611,9642,Blk 367,1.3383643422738,103.71931958855112,1.0
13159,9638,Bef Zion Full Gospel Ch,1.29796011528522,103.83053183555204,1.0
52401,9638,Blk 102,1.32830186081857,103.85082868868597,1.0
54419,9636,,,,
93041,9621,Hua Xin Ct,1.31120679321816,103.9333999156994,1.0
71109,9619,Maha Bodhi Sch,1.32831828375817,103.90256616022272,1.0
84199,9610,Opp Blk 220 CP,1.32553283664673,103.9355563841307,1.0
80009,9606,Lor 1 Geylang Ter,1.3111642220841,103.87216341433336,1.0
75499,9600,Opp Blk 614,1.366074,103.936768,2.0
80169,9599,Nicoll Highway Stn,1.30070547633658,103.86336013257063,1.0
11341,9596,Garlick Ville,1.32551506183496,103.7928279089426,2.0
74059,9585,Opp Tampines Dormitory,1.366122,103.929222,2.0
48119,9584,Bird Paradise,1.410027,103.778718,1.0
5521,9582,Maritime Hse,1.27676861098316,103.84059222200348,1.0
47751,9561,,,,
75551,9560,,,,
43681,9559,,,,
59529,9555,Opp Yishun Emerald,1.44035052900307,103.8318142995419,2.0
75111,9548,,,,
46739,9534,BLK 782,1.44847350274561,103.804003380222,1.0
14369,9531,The Interlace,1.28153635758335,103.80365927155157,1.0
42129,9530,Sixth Ave Ville,1.33016133420747,103.79515526101162,1.0
65489,9527,One Punggol,1.40819500002156,103.90566900789092,1.0
62011,9515,Aft Bartley Rd,1.3421349999944,103.88345100001618,2.0
76529,9507,BLK 519A,1.35741,103.940604,1.0
47059,9499,Bef W'Lands Ind Pk E4,1.45396450182247,103.7954729366899,1.0
65201,9493,Opp Blk 201A,1.40083471013366,103.903580214986,1.0
78161,9480,Blk 216,1.36900499745113,103.96052175997124,1.0
58229,9479,Blk 358A CP,1.44875084068886,103.8168059210019,1.0
96141,9474,Blk 120/Opp Simei Stn,1.34470972121071,103.95324349664256,1.0
10499,9471,KAMPONG BAHRU TER,1.27585400417691,103.83401000002084,1.0
22449,9462,Blk 685B,1.343058,103.703812,1.0
44599,9444,Bet Blks 801B/801C,1.37551323792473,103.7421877620434,1.0
63229,9440,Opp Kovan Hub,1.35757166659958,103.88511923530164,1.0
7249,9432,Aft Kempas Rd,1.315368056,103.8594669,2.0
5241,9406,Opp Blk 333,1.28071988238536,103.84227488654868,2.0
65549,9402,,,,
95069,9391,Opp Airline Hse,1.37789848118317,103.99643160040588,1.0
46261,9386,Blk 808,1.44256309213662,103.78694461350948,2.0
30121,9383,Blk 805D,1.37211783027051,103.74443713836388,2.0
47079,9383,Opp British American Tobacco,1.45786431264124,103.8029959994045,2.0
63269,9379,Blk 232,1.35875481272429,103.88905763623876,1.0
53061,9374,Bef Windsor Pk Rd,1.3571583010953,103.82883507046124,2.0
58069,9370,Opp Durban Rd,1.452187,103.830428,1.0
47571,9368,Blk 618,1.43349024051919,103.79639715585556,1.0
75329,9364,,,,
10261,9349,Delta Sports Hall,1.29090335842692,103.82047232884216,1.0
45271,9349,Blk 560,1.39569595459867,103.74526443744904,1.0
44439,9329,,,,
17379,9325,Blk 304,1.32049089180327,103.76389432891798,1.0
60191,9319,Blk 7,1.31718305596849,103.86195722198198,1.0
28071,9318,Blk 105,1.33765035288669,103.73904242961277,1.0
42991,9300,BEF HILLVIEW STN EXIT B,1.36164,103.766952,1.0
77049,9297,Pasir Ris Town Pk,1.36963556960047,103.95158314847572,1.0
28349,9287,Opp Chinese Gdn Stn,1.34255113741933,103.73318514055592,1.0
45231,9283,,,,
45399,9283,Regent Gr Condo,1.39984083299841,103.74991277803169,1.0
43501,9256,Opp Blk 291E,1.34376366037202,103.754237768717,1.0
3223,9251,Tanjong Pagar Stn Exit C,1.2757033952327,103.84632468221952,2.0
44791,9243,West View Pr Sch,1.38372439268243,103.760688782324,1.0
75559,9236,,,,
92201,9233,Aft Lor M Telok Kurau,1.31117244269722,103.9112378097299,1.0
40101,9232,Kk Women & Children Hosp,1.31036186651665,103.8477914890244,2.0
44519,9230,Blk 408,1.3791475870641,103.73970664823418,1.0
84671,9230,Aft Blk 156,1.31759333301805,103.94509555597207,1.0
52409,9226,Opp Blk 102,1.32801971174787,103.85105250762084,2.0
6131,9225,Aft Blk 87,1.29152472200833,103.83222750001508,2.0
43319,9224,Opp Midview Bldg,1.33972179277053,103.7574111060431,1.0
47819,9213,Opp W'Lands Sunny Food,1.4625580134543,103.81005089658552,2.0
10101,9206,OPP BT MERAH SEC SCH,1.28506195168861,103.8137833011436,1.0
43311,9203,Midview Bldg,1.339803833761,103.7569546828678,1.0
92109,9200,Opp Katong Shop Ctr,1.30356602776936,103.9014561477864,1.0
46291,9190,Blk 106,1.4364014799639,103.78248384607949,1.0
70141,9180,Grantral Mall Macpherson,1.33325940650465,103.88723373413464,2.0
44491,9175,Bet Blks 416/417,1.38353368663411,103.74184597655336,1.0
47579,9168,Blk 556,1.4333134741952,103.79597019770507,1.0
75179,9168,Blk 871C,1.357,103.9317,2.0
54429,9160,,,,
77319,9158,Opp Blks 771/772,1.37554666701554,103.93754166696732,2.0
84631,9155,Opp Waterfront Waves,1.33879275233871,103.92948245969215,2.0
59609,9155,Opp Blk 391,1.4289961111075,103.8495613888577,1.0
44359,9153,Bef Chestnut Ave,1.36772582083696,103.77530877476856,1.0
96299,9138,Opp Blk 222,1.34126498344514,103.95716526054424,1.0
66329,9122,,,,
5239,9120,Bef The Pinnacle@Duxton,1.27854113014976,103.8415105424013,1.0
77181,9112,Blk 638,1.37591147273628,103.94109934608323,1.0
16091,9111,Opp SIT Dover,1.299478,103.779229,1.0
61099,9111,Potong Pasir CC,1.33236805597247,103.8670999999672,1.0
56039,9107,Aft Yio Chu Kang Rd,1.37673055602474,103.82848388900504,1.0
98021,9106,Blk 275,1.36473730490409,103.96537675659532,1.0
78141,9104,Blk 249,1.370066,103.963665,2.0
44109,9099,Opp Hong San Terr,1.3771776806334,103.74762171258732,1.0
46731,9090,Yew Huat Scaffolding Work,1.44852127932275,103.8043021981092,1.0
63279,9088,Opp Yuying Sec Sch,1.35623805601182,103.88983499998876,1.0
43249,9087,Hillview Apts,1.35565052307818,103.76204709426312,1.0
55199,9074,,,,
66349,9071,Opp Daikin S'pore,1.37082760014108,103.86541771672718,1.0
64321,9064,Opp Rio Vista,1.37229075864076,103.90046238900683,1.0
6069,9047,Aft Furama RiverFront,1.28623157720487,103.83496162445664,1.0
44339,9027,Blk 442D,1.38084522961484,103.77114903339668,1.0
93091,9023,Opp Siglap Sth CC,1.31398835332345,103.93157431388184,2.0
81209,9019,Geylang Meth Pr Sch,1.31843612461246,103.88429716458629,1.0
59451,9017,Bet Blks 349/350,1.42569613726662,103.84360741617542,2.0
46029,9015,Aft W'Lands Ind Pk D St 2,1.42861423605127,103.76226643430736,1.0
75361,9012,Bef Tampines Ind Ave 5,1.3706441545828,103.93030234430374,2.0
58539,9010,BLK 120A,1.44576806,103.832311,1.0
57081,8998,Opp Blk 713,1.42753611101756,103.82655472202664,2.0
21631,8997,Blk 115,1.33363626085559,103.72493610114242,2.0
6141,8996,HAVELOCK STN EXIT 5,1.28963300933974,103.83381241921823,1.0
40329,8985,Millennia Institute,1.35096917519706,103.73961904709157,2.0
94011,8980,Evergreen Gdn,1.31438169513219,103.9351058006447,2.0
45051,8964,Da Di Glass,1.403385556,103.7560103,1.0
67349,8959,Blk 204 CP,1.38837810902521,103.8953369095349,1.0
75601,8941,,,,
75099,8935,,,,
66459,8935,Opp Ang Mo Kio Linear Pk,1.37848946701219,103.87075091953804,1.0
45249,8906,,,,
27311,8906,Hall 2,1.34902211051484,103.68539285058924,1.0
76419,8887,Blk 307A,1.35366243500181,103.95648530342,1.0
5429,8874,Bef Craig Rd,1.27769413050075,103.84370654372523,1.0
14491,8869,Opp Telok Blangah Mkt/FC,1.27278805556375,103.8079488888896,1.0
59501,8861,Blk 871,1.41289253257843,103.83810681040472,2.0
53299,8856,Bef Jadescape,1.35174011670427,103.83794546128104,1.0
77251,8854,Blk 713,1.38223834152443,103.93864433688064,2.0
64449,8853,,,,
46809,8841,Opp W'Lands Mart,1.44649662319346,103.79808713932866,1.0
10421,8835,Blk 63B,1.288964,103.814975,1.0
15199,8825,Opp Currency Hse,1.27604240853686,103.79318399639808,2.0
63139,8815,Aft En-Naeem Mque,1.36120166702627,103.8914116670026,1.0
55121,8814,Opp Blk 604,1.37943138901774,103.83519777802984,1.0
55171,8814,Castle Green,1.385783333,103.8429056,1.0
20181,8813,Ayer Rajah CC,1.32048478912567,103.74745845796298,2.0
47569,8812,Opp Blk 620,1.43291945534759,103.7987803897484,1.0
67319,8792,Farmway Stn Exit A,1.39738047818719,103.8888966274991,1.0
20121,8785,Opp Blk 51,1.32023972200054,103.73707999997312,1.0
10241,8777,Gan Eng Seng Sec Sch,1.2906166672167,103.82362326803133,1.0
67731,8775,Bef Sengkang East Dr,1.38018738604916,103.90138066955193,1.0
59081,8775,,,,
58299,8773,Blk 328,1.44582915331137,103.81968463382916,1.0
50129,8765,Opp Natl Skin Ctr,1.3189880880064,103.84929028517206,1.0
11349,8746,Opp Garlick Ville,1.325628,103.79304,1.0
60011,8734,BENDEMEER STN EXIT A,1.31471795031338,103.8637679549332,2.0
52289,8730,,,,
10289,8730,Opp SIS Bldg,1.2918699745378,103.81440639448375,1.0
64239,8711,Opp Blk 316,1.36439805444874,103.89682349089492,1.0
42029,8707,Aft Swiss Club Rd,1.33325151466609,103.79206171859214,2.0
40199,8700,Aft Balmoral Rd,1.31258333303153,103.83191222199584,1.0
67539,8699,Blk 122C,1.38772020397705,103.90661294770752,2.0
50279,8698,Farrer Pk Stn Exit D,1.31251000009337,103.8526780549204,2.0
2161,8692,Aft Promenade Stn Exit C,1.29268553508737,103.86093156188176,1.0
44721,8679,Opp Jelapang Stn,1.386786,103.764921,1.0
42111,8678,WOH HUP BLDG,1.34584805601375,103.77262861101016,1.0
59759,8669,The Shaughnessy,1.41755035688919,103.8463109999724,1.0
75021,8657,,,,
76401,8657,,,,
82151,8656,Bef Joo Chiat Pl,1.31310616198244,103.9009112063053,2.0
59821,8652,Blk 334B,1.432912,103.845777,1.0
63179,8638,Bef Tai Seng Chr Ch,1.35999305129204,103.8739353277618,2.0
83311,8638,Aft Lor Nangka,1.31241970275404,103.90692990251456,2.0
47801,8637,Opp North Link Bldg,1.46417400978934,103.8129834777538,1.0
78121,8635,Bet Blks 232/233,1.37485968829133,103.96200053620824,2.0
54629,8633,OPP BLK 223,1.3655880696456,103.83801666007231,1.0
58531,8632,BLK 129A,1.44543806,103.8323,1.0
66479,8618,Aft Yio Chu Kang Rd,1.37863834733323,103.87430288480031,2.0
76341,8603,Blk 464,1.35976305104284,103.95535006454476,2.0
67221,8598,Rumbia Stn Exit B/Blk 153,1.39116246855705,103.90639445299767,2.0
84141,8594,OPP LION HME FOR ELDERS,1.32021707852141,103.9381694887894,1.0
65809,8592,Anchor Green Pr Sch,1.39121000003879,103.88630888889304,2.0
66341,8585,Daikin S'pore,1.37114196132937,103.8652534148556,2.0
94019,8580,Opp Evergreen Ave,1.3142851610342,103.93574953076752,1.0
52169,8574,Blk 117,1.34013183349101,103.84465978021645,1.0
84321,8570,Blk 516,1.33060063600662,103.92977387914272,2.0
70139,8569,Aft Jln Belangkas,1.33218202150261,103.88328460405728,1.0
46519,8566,Opp Blk 144,1.43554811627266,103.77213801008084,1.0
66569,8565,OPP BLK 991B,1.383159,103.882572,1.0
20191,8560,Blk 407,1.31924166701026,103.74845638901051,2.0
84709,8560,Opp Blk 150,1.33644333039135,103.91242511468803,1.0
83319,8557,Aft Lor J Telok Kurau,1.31268833645873,103.90714010649674,1.0
52411,8554,Blk 105,1.328301,103.853806,1.0
21641,8553,Bef Blk 322,1.3363012622323,103.7250086693193,2.0
41011,8550,NUS Bt Timah Campus,1.32235611101422,103.81891666700088,1.0
22469,8550,Blk 653B,1.33649062479414,103.69631873743737,2.0
80271,8533,Opp Mountbatten Stn,1.30511398524943,103.8831203007559,1.0
17249,8529,Blk 355,1.315171111,103.7693364,1.0
76201,8523,Blk 423,1.35687499368341,103.9479674220669,1.0
3217,8518,Opp AXA Twr,1.27552218897645,103.8479443674916,1.0
58221,8508,Blk 339 CP,1.44859264769928,103.81706577986397,1.0
60209,8503,Sant Ritz,1.32986133945973,103.86896099565628,1.0
42259,8481,Aft Upp Bt Timah Rd,1.34106160633217,103.7770788000345,2.0
50041,8476,Novena Lodge,1.32362333324914,103.84161545670324,2.0
21179,8475,CORP PL,1.32586166697514,103.71929527796604,1.0
40071,8465,Leng Kwang Baptist Ch,1.31918027796911,103.829213610999,1.0
47111,8462,Bef Senoko Way,1.46619184828781,103.81100178837576,2.0
47811,8461,W'Lands Sunny Food,1.46237692251291,103.80898707919847,1.0
75511,8455,Blk 610C,1.364262,103.934773,1.0
98139,8446,Aft Loyang Way 1,1.37394091672222,103.97236010514752,2.0
41119,8444,Opp Lutheran Twrs,1.32074221277671,103.8124537467894,2.0
66171,8443,,,,
60241,8441,Blk 1,1.32355461431031,103.8615915962133,1.0
67699,8434,,,,
83129,8431,Aft Ji Xiang Ct,1.31306365118709,103.91061094817724,1.0
62121,8430,Aft Wolskel Rd,1.34682778451192,103.87156809881778,2.0
51059,8428,AFT TOA PAYOH RISE,1.3370325833883,103.83735019393414,1.0
46371,8427,,,,
76349,8420,Dunman Sec Sch,1.3603851367314,103.95556569101932,1.0
4331,8420,BEF FORT CANNING STN,1.29183939431601,103.84504089382705,1.0
46019,8412,,,,
93081,8412,Opp Chiang Ct,1.31342707975776,103.92903327944508,2.0
84319,8408,Blk 428,1.32980564460578,103.92771515822336,1.0
12021,8406,Bef Moonbeam Wk,1.31907638897016,103.78243055601492,1.0
95019,8392,Aft Changi Airport Ter 2,1.34794299896363,103.98488339642644,1.0
27219,8390,NIE Blk 2,1.34793269501118,103.68025240016884,1.0
98111,8383,BLK 256/OPP LOYANG PT,1.36733773244319,103.96424470880471,1.0
43701,8379,Blk 225,1.34847060052694,103.75201666213025,1.0
18289,8377,Opp R'ford/Normanton Pk,1.28738105702672,103.7912059790003,1.0
59589,8368,Blk 505C,1.4196568772859,103.84477283466764,1.0
67321,8364,Blk 311A,1.39056792623455,103.88425489183726,2.0
12029,8362,Opp Moonbeam Wk,1.31958369390988,103.7824392109149,2.0
10179,8360,Tiong Bahru Pk,1.28722333302937,103.82395833301354,1.0
50119,8355,St. Joseph Instn Jnr,1.31829503182752,103.8458185038638,1.0
3381,8352,The Sail,1.28162601329006,103.85306513725683,2.0
56209,8351,Bef Thomson Hills Dr,1.38031863295854,103.83240305645302,1.0
52349,8340,United Medicare Ctr,1.33619305600558,103.8554425000288,2.0
19091,8338,S'pore Poly,1.30739277801307,103.78208222199828,1.0
81141,8327,Versailles Condo,1.31200805596649,103.89035749999957,1.0
80111,8315,Bef Geylang Rd,1.30987138105238,103.87551499911488,1.0
77361,8314,,,,
11499,8313,Queenstown Pr Sch,1.29685053610951,103.8078866333446,1.0
64561,8310,Blk 574,1.37715998902026,103.88690877548076,1.0
2111,8306,Esplanade Bridge,1.29095592348389,103.85453419435228,2.0
63081,8300,Opp Blk 241,1.3568307844677,103.89260949897675,1.0
22471,8300,Blk 991B,1.33509047686273,103.6931453983202,2.0
50331,8295,Blk 122,1.31862919267946,103.85727882383884,1.0
27231,8290,Wee Kim Wee Sch of C&I,1.34207972361937,103.67922271593844,1.0
21171,8280,OPP CORP PL,1.3258163890121,103.71906611098208,2.0
52199,8255,Blk 84B,1.33547301693721,103.84663861149124,1.0
84341,8248,Opp Fengshan Pr Sch,1.33110349338955,103.93198370934412,2.0
10249,8247,Opp Gan Eng Seng Sec Sch,1.29088138899671,103.82407777797806,1.0
59791,8239,Blk 471A,1.425903,103.853576,2.0
46241,8238,,,,
84329,8235,Blk 414,1.33029323198176,103.92970061275057,1.0
84611,8228,Opp Waterfront Isle,1.33922469822607,103.92795482353952,2.0
81109,8227,Opp CISCO Ctr,1.3209137166719,103.89117183414866,2.0
55151,8222,Ang Mo Kio Comm Hosp,1.3833944010563,103.8403312479222,2.0
55179,8216,Opp Castle Green,1.385991667,103.8431694,1.0
42149,8212,Aft Bt Timah Rd,1.33607426889198,103.7786231371068,1.0
58159,8210,Aft Admiral Hill,1.44821708737482,103.82235611868522,2.0
44631,8201,,,,
6081,8199,HAVELOCK STN EXIT 3,1.28837086415387,103.83349881780524,1.0
47749,8197,,,,
20081,8194,Carrier S'pore,1.32660472912447,103.73879228035436,2.0
67701,8192,,,,
55141,8178,OPP BLK 622,1.38151305598601,103.83902055596756,1.0
52061,8176,BCA Acad,1.34352174018964,103.85873879159364,2.0
54509,8149,Aft Blk 5000,1.37758835823729,103.86257049780347,1.0
53139,8139,Marymount View,1.353021,103.840607,1.0
67461,8135,Aft Sengkang East Ave,1.38575273465234,103.89121528705635,2.0
3031,8135,Raffles Pl Stn Exit F,1.28207492207952,103.85086074925066,2.0
58041,8127,Blk 590C,1.44939346470038,103.8268558037182,2.0
74009,8124,Tampines Nth Int,1.368916,103.939651,1.0
57131,8123,Opp Jln Kemuning,1.43808413802489,103.82529753316932,2.0
62019,8114,Aft Rochdale Rd,1.34215709944082,103.88405276089232,1.0
25701,8103,GLAXOSMITHKLINE,1.295593,103.627651,1.0
44371,8093,Blk 219,1.37402225721945,103.77263963002856,1.0
42231,8073,Bef Jln Jurong Kechil,1.34056805598593,103.7706058329681,1.0
84269,8070,Blk 95,1.33402333297056,103.94185027798376,1.0
58061,8065,Opp Blk 101A,1.45296423052616,103.83110625286092,2.0
3519,8060,Bayfront Stn Exit A,1.28124500000125,103.85884799997385,1.0
76041,8046,,,,
43629,8044,St. Andrew's Mission Sch,1.34240810773422,103.75915813592935,1.0
84261,8036,Saint Anthony's Canossian School,1.334189,103.941658,2.0
84679,8033,Opp Blk 156,1.31804305599346,103.94476555602924,2.0
93201,8030,Victoria Sch,1.30920003741893,103.92781269211484,2.0
17081,8025,Aft West Coast Highway,1.299503055534,103.76457888891022,2.0
25781,8018,OPP SLS,1.276398,103.635811,1.0
27261,8017,Hall 4,1.34332011366726,103.68632093846232,1.0
47499,8015,,,,
66131,8015,Aft Trinity Meth Ch,1.36346698150382,103.87019205208468,1.0
65629,8003,Samudera Stn Exit A,1.41645968650579,103.9025213208852,1.0
14359,7990,Blk 50,1.27289055599998,103.81035027797056,1.0
55011,7983,Bef Lentor Stn Exit 5,1.382262,103.835704,2.0
92209,7983,Aft Jln Baiduri,1.31101000002422,103.91147888898844,1.0
63261,7983,Opp Blk 232,1.35896472197244,103.88913833298103,1.0
5059,7976,Hong Lim Pk,1.28676420118491,103.84575036447065,1.0
45291,7975,,,,
14319,7971,Blk 28,1.273483,103.820637,1.0
85049,7970,Opp Man Fatt Lam Tp,1.32671998700111,103.95124872703616,1.0
49149,7967,Aft Kranji Lk,1.43841910254735,103.74316251360835,1.0
1511,7965,Opp The Gateway,1.29919826103807,103.85864518302436,2.0
27011,7961,Hall 11 Blk 55,1.35586334559449,103.68610938870162,1.0
75219,7957,,,,
47071,7952,Bef British American Tobacco,1.45761031985152,103.80214839695256,1.0
59219,7945,Opp Blk 288,1.44045526236363,103.83757625759554,1.0
65351,7936,Punggol View Pr Sch,1.40589404110743,103.90472620505594,1.0
10359,7900,Opp Blk 95C,1.28723833324362,103.82259298997768,1.0
51051,7899,AFT ANDREW RD,1.33635352726982,103.83707802024657,2.0
77079,7897,Elias Mall,1.37728664750339,103.94145255170352,1.0
46741,7895,Seagate,1.44632701434368,103.80719269495764,1.0
82121,7892,Questa @ Dunman,1.30965150589688,103.8965764453886,2.0
20051,7879,Cycle & Carriage,1.32258708167298,103.74754428861822,2.0
65459,7876,,,,
47051,7869,Aft W'Lands Ind Pk E4,1.45449749999994,103.79560277796767,2.0
20169,7867,Blk 35,1.31928347830225,103.74251246450982,2.0
11299,7866,Opp Cold Storage Jelita,1.31826975603165,103.78558843680226,2.0
58369,7864,BEF ACACIA HME,1.46077451756536,103.81206144667212,1.0
59481,7861,,,,
70129,7860,Opp Jln Muhibbah,1.33157543468156,103.88058185579888,1.0
84439,7857,Opp Blk 3014,1.33474732352614,103.95024017522437,1.0
42239,7852,Aft Jln Jurong Kechil,1.34027047980738,103.77016055707928,1.0
76469,7838,East Spring Sec Sch,1.35630339357193,103.95985048163844,1.0
67671,7837,,,,
10651,7827,Blk 161,1.28329993019059,103.81547665017668,2.0
91089,7816,Opp Katong Pk Stn,1.29913832558004,103.88553021350832,1.0
46611,7816,,,,
52259,7812,Opp Chung Hwa Free Clinic,1.33278746546959,103.85165691373103,2.0
17019,7808,Varsity Pk,1.2937974792702,103.76705176995324,2.0
59779,7804,Opp Blks 469A/469B,1.42408305602704,103.85251851284276,1.0
54539,7802,BISHAN PK,1.35857111103202,103.85104805599867,2.0
82059,7802,Bef Tg Katong Stn Exit 3,1.301379,103.897403,1.0
53079,7800,Flame Tree Pk,1.36082666696977,103.82864333297208,1.0
12059,7796,Opp Pine Gr Condo,1.32072731097778,103.77515897833835,2.0
17119,7788,Opp Blk 343,1.31728446989719,103.77193266319904,1.0
77169,7782,Opp Blk 742,1.37694324707892,103.9363320444146,2.0
55159,7778,Opp Ang Mo Kio Comm Hosp,1.383362,103.84065,1.0
43021,7777,Aft Old Jurong Rd,1.35132007773328,103.76979529427526,1.0
53199,7773,Blk 22A CP,1.35754830843445,103.83899242953868,1.0
41009,7763,Tengah Int,1.3627,103.735967,1.0
91081,7759,Aft Katong Pk Stn Exit 2,1.29930499999248,103.88533388902762,1.0
41139,7755,Aft The Japanese Assn,1.32962999996746,103.81485527800427,1.0
56201,7752,Aft Munshi Abdullah Ave,1.38059381566563,103.83224759401024,1.0
43621,7747,Opp Parkview Apts,1.34169275195642,103.75908187494268,2.0
10489,7742,Blk 73,1.28811638897142,103.81778388900165,1.0
97051,7736,Komo Shoppes,1.36044412865764,103.9703768491515,2.0
16039,7728,S'pore Science Pk II,1.28799020188116,103.77872029260048,2.0
58309,7725,Opp 3M Bldg,1.44466063592056,103.81036650514451,1.0
11551,7718,Tiong Ghee Tp,1.29126703051517,103.8040959835246,1.0
75591,7708,BEF BLK 631B,1.362079,103.942426,2.0
44051,7695,Opp Blk 632 CP,1.38440811744123,103.7580197670318,1.0
43601,7689,Opp Blk 532,1.35664340859556,103.74950528201234,1.0
44649,7682,Blk 541A CP,1.38207041321308,103.76296296396666,1.0
84609,7679,Waterfront Key,1.33791138898959,103.93130805598769,1.0
94021,7678,Bef Sennett Rd,1.31475174256228,103.93834590911956,2.0
96131,7678,Blk 130,1.34639164071686,103.955260444558,1.0
45389,7673,Blk 619,1.40063804359533,103.7473817647614,1.0
21079,7664,Opp Jurong Abattoir,1.31342751032359,103.72279763377816,1.0
47621,7662,Aft Gambas Ave,1.44689218119453,103.80982770058664,1.0
53219,7662,Raffles Instn,1.34606111102286,103.8465836110301,2.0
46401,7660,Blk 864,1.44088595099083,103.79545806673288,1.0
54409,7655,,,,
21071,7653,Jurong Abattoir,1.31394221438857,103.72226742161244,1.0
44331,7639,Blk 239,1.38022107375265,103.77084865060208,1.0
22481,7619,Blk 691A CP,1.3424622384747,103.70554089546958,1.0
50259,7618,Opp Farrer Pk Stn,1.31236388897416,103.85507888893754,2.0
58329,7617,Blk 474,1.45050186875947,103.81655964918444,1.0
20149,7614,Blk 408,1.31795969674094,103.74897266925451,2.0
54471,7605,Opp Blk 538,1.37613470846106,103.853296559924,2.0
17211,7584,,,,
58241,7580,Sembawang Int/Opp Blk 315,1.44722064601498,103.82018490260376,1.0
20011,7574,Blk 506,1.31308624553797,103.76128731220228,1.0
3151,7568,Opp GB Bldg,1.27892124625262,103.84776234627124,2.0
49171,7566,OPP SHINGDA CONSTRN,1.43471927034855,103.7508663166314,2.0
43609,7560,Blk 531,1.35653561927142,103.74992425404376,1.0
15169,7559,HarbourSide Bldg 2,1.27481499269165,103.79673994290197,2.0
21471,7554,,,,
82141,7554,Aft Koon Seng Rd,1.31084210669638,103.90248369965865,2.0
53321,7553,Opp Eunoia JC,1.36135,103.8402947,1.0
67469,7553,Bef Sengkang East Ave,1.38533638989648,103.8907421565758,1.0
22351,7551,Opp Blk 717,1.34277421893699,103.69803382884736,1.0
94029,7549,Aft Sennet Rd,1.31453305602342,103.93750499997168,1.0
59559,7548,Opp Blk 722,1.42511776424343,103.82821308909148,1.0
65651,7541,,,,
54341,7541,Opp Blk 504,1.37462142095238,103.84782467173312,2.0
82159,7539,Aft Tembeling Rd,1.31327026591962,103.90049572645528,1.0
70069,7538,Aft Bidadari Pk Dr,1.337778056,103.8736111,1.0
54459,7533,Blk 151,1.37693336122245,103.84120098441312,1.0
2159,7528,Opp Suntec Convention Ctr,1.29360811227161,103.85840672828635,1.0
85041,7524,Man Fatt Lam Tp,1.3264647104527,103.95116420801884,2.0
54351,7522,Nanyang Poly,1.37647777885877,103.85003474200924,2.0
46349,7517,,,,
6039,7515,Blk 8,1.28705997883119,103.83962555611691,2.0
77389,7513,Opp Blk 525B,1.369597,103.946715,1.0
58301,7511,3M Bldg,1.44485650594175,103.81055057568136,1.0
20179,7497,Blk 31,1.32000211967899,103.73910069465364,2.0
67351,7491,Blk 321 CP,1.38995158321899,103.89134430221004,1.0
46341,7481,,,,
59771,7479,Blk 469B,1.423939,103.852066,2.0
76461,7461,Eden Condo,1.35610972200156,103.95981833302024,2.0
27071,7454,Nanyang Cres Halls,1.35507533539502,103.68452767084536,1.0
44181,7453,,,,
91059,7445,Aft Margate Rd,1.30052638901127,103.88831333297796,1.0
43049,7444,Opp Hume Pk Condo,1.3556996199834,103.76885141403912,2.0
67269,7437,Opp Blk 203A,1.38605407647483,103.89513364231524,1.0
52301,7432,,,,
95131,7423,Police Pass Off,1.38525245892982,103.99983438993594,1.0
84619,7413,Waterfront Isle,1.33896501379939,103.9274669427584,1.0
85109,7409,Bef Bedok Rd,1.32945523179761,103.95134864429272,1.0
41079,7404,Natl JC,1.32940305598521,103.80304777797754,2.0
27281,7404,Hall 1,1.34565500002282,103.68780555602468,1.0
64399,7399,Blk 512,1.37121818386818,103.8892571932248,1.0
61061,7391,Blk 148,1.33268166698419,103.8682283329788,1.0
43011,7390,Bt Regency,1.347407,103.771195,1.0
78171,7387,,,,
21659,7367,Chinese Gdn,1.33896010542304,103.7241080848694,1.0
46409,7364,Blk 701A CP,1.44063323115091,103.79570596322442,1.0
66539,7357,Blk 531,1.37500340591534,103.8750162086281,1.0
12129,7355,Blk 3,1.31182111096862,103.78732611099164,1.0
46639,7352,W'Lands Stn Exit 4,1.43702205360453,103.78884919678752,1.0
52069,7352,Comfortdelgro Corp Ltd,1.34314389988912,103.85856611406128,1.0
51099,7340,Catholic JC,1.325881667006,103.8345342161876,1.0
84649,7318,,,,
44521,7298,Blk 280,1.38085185530408,103.74260886969472,1.0
65091,7298,BLK 301A,1.4039796271467,103.90655641325276,1.0
21411,7297,Opp Blk 188,1.34393270141852,103.71033048575686,1.0
76319,7295,Tampines East Stn Exit D,1.357643,103.955554,1.0
14219,7289,Opp Blk 114,1.28218647936578,103.80684961252828,1.0
53259,7284,Opp Blk 125,1.3471159591462,103.85199575975044,2.0
52359,7258,,,,
78259,7255,,,,
44561,7250,,,,
14499,7249,Telok Blangah Mkt/FC,1.27291305557456,103.8078211111249,1.0
43821,7246,Opp Symphony Hts,1.356754,103.7676,1.0
12101,7246,Ngee Ann Poly,1.33243896358504,103.77768506316728,2.0
41131,7245,Opp The Japanese Assn,1.32973612368298,103.8145129140827,2.0
65249,7236,Blk 178,1.39963747797366,103.90824975943016,2.0
14179,7233,Yeo's Bldg,1.27188454577735,103.80630000533796,2.0
45379,7233,,,,
95051,7226,3rd Cargo Agents,1.37528324353604,103.99619579312592,1.0
76329,7226,,,,
27441,7222,Bet Blks 757/758,1.35032868767666,103.70079327483803,1.0
45299,7222,,,,
67579,7221,Bef Jln Kayu,1.39483619700068,103.8734686374815,1.0
77199,7216,Opp Blk 500A,1.376671,103.94637,1.0
17139,7214,Aft Clementi Ave 2,1.307653,103.76674,1.0
46581,7213,,,,
62091,7208,Opp Gambir Ridge,1.34366730308769,103.8751907687792,1.0
15161,7203,Opp HarbourSide Bldg 2,1.27443806198132,103.79666055940478,1.0
17361,7196,Opp West Coast Lk,1.29859750001329,103.76346250000068,2.0
54449,7195,,,,
77129,7159,Pasir Ris Pk,1.38396304779096,103.94374627572016,1.0
77301,7155,Blk 778,1.37419765728407,103.93864478052232,1.0
21661,7155,Yuan Ching Sec Sch,1.34176560473259,103.72141430185464,2.0
5421,7153,Aft Craig Rd,1.27777470568529,103.84346347289252,2.0
77369,7145,,,,
11579,7139,Blk 158,1.29256489056942,103.80303321252237,1.0
59629,7138,Symphony Suites Condo,1.43463,103.843898,1.0
93059,7133,Aft Jln Buloh Perindu,1.31076138897412,103.91930777802244,1.0
84331,7126,Opp Blk 416,1.32898829919632,103.93099993868752,1.0
84561,7118,BLK 53,1.32804725721627,103.91973825722668,2.0
59369,7116,,,,
65721,7106,Opposite Punggol Coast Station,1.414944,103.911686,1.0
77259,7103,Opp Blk 713,1.3827163599648,103.93855855739126,1.0
21669,7094,Opp Blk 134D,1.34134214489014,103.7220951930324,1.0
10429,7093,Blk 54,1.2892779060127,103.814048054222,2.0
63131,7080,THE TEMBUSU,1.36120884403234,103.89033109494883,1.0
53129,7069,Opp Marymount Stn,1.34968057726521,103.83978033272378,1.0
16179,7066,Opp Yusof Ishak Hse,1.29898164227099,103.7741773272528,2.0
54531,7066,OPP BISHAN PK,1.35839974282084,103.85132688003488,1.0
65331,7065,Opp Blk 268D,1.4028650002354,103.89851804993968,1.0
28231,7061,Jurong Town Hall,1.32986201071411,103.74248183726264,1.0
70061,7059,Bef Bidadari Pk Dr,1.3375,103.87444,2.0
65679,7047,,,,
27539,7040,BEF XINGNAN PR SCH,1.34071614464901,103.6868923374865,2.0
58049,7037,Opp Blk 590C,1.44919525191106,103.82703542333944,1.0
70021,7018,Opp Canossa Catholic Pr,1.32640814876454,103.88033937941422,2.0
46031,7017,Kranji Lodge 1,1.4335562926407,103.7619231548512,1.0
65329,7016,Kadaloor Stn Exit A,1.39988799999567,103.91612399998851,2.0
54069,7010,Opp Blk 244,1.36691997150676,103.83405562626136,1.0
26299,6999,Bef Tuas Sth Ave 6,1.30510954355111,103.62556346611817,1.0
70379,6991,Opp Macpherson Stn Exit A,1.32604294133609,103.88933975894,2.0
78131,6987,Pasir Ris Pr Sch,1.37308472383764,103.9637271722912,2.0
75419,6980,AFT TAMPINES AVE 5,1.35575831547919,103.92918587034406,2.0
15209,6977,Bef Pasir Panjang Stn,1.27706561928684,103.79023432729964,2.0
95039,6965,Airfreight Ter Bldg,1.37218943783154,103.9945787903322,1.0
46459,6952,Blk 872,1.4441853308513,103.78940895329838,2.0
67151,6934,Kangkar Stn Exit B,1.38353305558266,103.90215499999188,1.0
41019,6925,Aft Kheam Hock Rd,1.32267444098276,103.8202523287724,2.0
16059,6923,Jamiyah Halfway Hse,1.28967266173408,103.77594136139504,2.0
52371,6921,,,,
62079,6920,AFT BARTLEY STN EXIT B,1.34296635529936,103.87976646424752,2.0
1611,6913,Aft Raffles Hotel,1.29527259171342,103.85533686181174,2.0
52551,6907,,,,
67621,6893,Blk 278 CP,1.38095802621952,103.89025132744938,1.0
44889,6890,Opp Blk 816A,1.3755999743303,103.74839851286828,2.0
65801,6888,Blk 309D,1.3904399999914,103.88569800003212,1.0
45021,6876,Heavy Veh Pk,1.39385694401888,103.75383583300304,1.0
53179,6875,Sin Ming Plaza,1.353043,103.835842,1.0
54651,6867,Opp Techplace 2,1.37854275740549,103.86551861831312,2.0
14471,6864,Blk 114,1.28201169102423,103.80664978771298,2.0
77309,6863,Opp Blk 778,1.37437639672106,103.93874482147837,2.0
50301,6856,Kentish Green,1.31587261047802,103.85178565977448,2.0
50121,6853,Natl Skin Ctr,1.31930304159281,103.84933923160258,2.0
82111,6850,Opp Tg Katong Cplx,1.3161193086354,103.89379978179136,2.0
10331,6848,Bef Bt Merah Ctrl,1.28136306628839,103.81834423228644,1.0
50321,6847,Aft Gloucester Rd,1.3136845041501,103.85083079337346,1.0
46951,6847,,,,
27139,6843,Blk 934,1.34202746082141,103.68898154351334,2.0
53401,6833,,,,
14061,6831,Opp Former Railway Stn,1.27231269789239,103.83862035734884,1.0
46921,6831,Opp Blk 22,1.4533158942724,103.810890049605,1.0
96059,6826,Changi Ct,1.34351280089212,103.96217940266344,1.0
11211,6824,Aft Peirce Rd,1.30838779885113,103.80939522851014,1.0
96201,6818,Simei Green Condo,1.34068848247811,103.95925914106326,2.0
16031,6811,Opp S'pore Science Pk II,1.28800629048399,103.77846479413628,1.0
67739,6802,Aft Sengkang East Dr,1.37998423176832,103.90195091871207,1.0
44159,6791,Bt Batok Fire Stn,1.37401429037273,103.7525923087755,1.0
96031,6785,Opp Expo Halls 4/5/6,1.33590500003397,103.95837000001772,2.0
15219,6777,Pasir View Pk,1.27818114088895,103.7870103120688,2.0
21389,6777,OPP ST. JOSEPH'S HME,1.350059,103.709927,1.0
45059,6777,Opp Da Di Glass,1.40340952558706,103.75620896675814,1.0
46359,6771,,,,
46221,6746,Opp Casablanca,1.4309096816047,103.78759769642132,2.0
59479,6738,Opp Blk 430B,1.42034812354505,103.84865147425622,1.0
84601,6736,Opp Waterfront Key,1.33820137485609,103.93116966665325,2.0
44161,6733,Aft Bt Batok West Ave 5,1.37071120082306,103.74995297031272,1.0
5259,6733,OPP MAXWELL STN EXIT 3,1.27979447837032,103.84262707605176,1.0
76151,6728,Blk 237,1.355263,103.946998,1.0
52251,6726,Chung Hwa Free Clinic,1.3329698063249,103.8514208793844,1.0
60181,6726,Aft Moonstone Lane,1.32714561804071,103.86738538742664,1.0
66311,6725,,,,
66071,6722,Opp PUB Recreation Club,1.34375516528836,103.86737312632222,1.0
75369,6721,Bef Tampines Lk,1.37079630405212,103.93056528604264,1.0
92089,6702,Marine Terr Stn/Katong Convent,1.3071917122941,103.91764721757994,2.0
12179,6691,Montview,1.31679504687757,103.7769949436126,1.0
90029,6685,Opp Pebble Bay,1.29700669642984,103.87253085603427,1.0
62219,6685,Blk 158,1.35192637119856,103.88032033542544,1.0
50111,6684,Revival Ctr Ch,1.31875833024702,103.8465549576423,2.0
82129,6673,Tg Katong Sec Sch,1.30943460005849,103.8966101212743,1.0
53191,6663,Blk 7 Ind Est,1.35837944828586,103.8390891739228,2.0
84599,6654,Opp Sbst Bedok Nth Depot,1.33772607555094,103.94646797815965,1.0
44379,6646,Opp Blk 219,1.37355053515267,103.77293526626733,1.0
99189,6643,S'pore Aviation Ac,1.3884141666958,103.9897163888532,1.0
49151,6624,Daiya Engrg,1.43666749998525,103.74684027798632,1.0
77381,6622,Blk 524B,1.370821,103.94712,1.0
46509,6622,Marsiling Pk,1.43804390195153,103.7709643228368,1.0
66061,6611,Aft Lynwood Gr,1.34405111099275,103.86346055601663,2.0
63351,6607,Opp Hougang Swim Cplx,1.36922638899711,103.88786388897049,1.0
13021,6605,Aft Min Of Foreign Affairs,1.30633972996805,103.81430670816292,1.0
65321,6604,Kadaloor Stn Exit B,1.39942700000453,103.91659300002,1.0
57039,6590,SPIRITUAL GRACE PRESBY CH,1.40611750000192,103.8199872220186,1.0
2181,6588,Supreme Ct,1.28947444402148,103.85098166700016,1.0
13031,6588,Opp Chatsworth Rd,1.29912972200223,103.81707388901162,1.0
46059,6587,Globalfoundries/Aft Bke,1.4387537800127,103.76656472079624,1.0
6189,6580,Ctrl Sq,1.28779136477868,103.8432942808956,1.0
65099,6570,BLK 604A,1.40446781720997,103.90711426733176,1.0
63189,6568,Aft Serangoon Gdn Way,1.36133997852966,103.87363460960414,2.0
46669,6566,,,,
44959,6556,,,,
15051,6553,Alexandra Pt,1.276978,103.8023815,1.0
53019,6539,OPP ST. THERESA'S HME,1.34600349626668,103.83871779531223,1.0
51091,6535,Opp Catholic JC,1.32648060854916,103.83401870730576,2.0
76311,6522,Blk 460,1.35791501506433,103.95535655821824,2.0
16189,6497,Information Technology,1.297228,103.772756,2.0
92081,6489,St. Patrick's Sec Sch,1.30751338586806,103.91754269765208,1.0
10221,6486,Ganges Ctr,1.29032906602668,103.83111793441608,1.0
53351,6485,Ai Tong Sch,1.36080972198475,103.8321175000126,1.0
61079,6481,Blk 121,1.33598640879377,103.86525430193132,1.0
44799,6473,Blk 610,1.38338692962433,103.7609562427946,1.0
17389,6465,Opp West Bay Resort Condo,1.29908138901268,103.7670019440224,2.0
81131,6447,Opp Grandlink Sq,1.31431505362846,103.89221613925535,1.0
44151,6444,Opp Bt Batok Fire Stn,1.37392273953012,103.75223395114868,1.0
21639,6440,Opp Blk 115,1.33378861099344,103.72511638897618,1.0
85079,6430,Flextronic,1.33394889968504,103.9501523198666,1.0
53131,6422,Aft Jadescape,1.35315805208995,103.84031279218438,2.0
27241,6403,SPMS,1.33998726585628,103.68089382456998,1.0
28251,6392,S'pore Science Ctr,1.33382805600325,103.7369883329766,2.0
53159,6387,Blk 260,1.358612,103.841265,1.0
90041,6387,Tanjong Rhu Stn Exit 2,1.297196,103.873691,1.0
58321,6386,Bet Blks 357/359,1.45020573824638,103.81614518346868,1.0
65089,6381,Opp Blk 296,1.4013394838038,103.90580511592152,1.0
77061,6380,Ris Grandeur,1.37377216806532,103.94041320097696,2.0
93051,6379,Aft Dunbar Wk,1.31065440276409,103.9186692238074,2.0
59089,6377,,,,
22479,6376,Opp Blk 991B,1.33474242487786,103.693102645977,1.0
80239,6375,Bef Blk 53,1.31846350927886,103.88051104388848,1.0
67359,6372,Nan Chiau High Sch,1.39008740102191,103.89042014225744,1.0
83079,6364,Bef Siglap Plain,1.31976833302337,103.91505416701378,1.0
53171,6360,Blk 23,1.35466138896969,103.83630694400976,2.0
76409,6358,,,,
20059,6357,Opp Cycle & Carriage,1.32332108750232,103.7476935100464,1.0
96051,6356,Opp Changi Ct,1.34372664222741,103.96192069089284,2.0
66559,6355,Opp Blk 984A,1.381952,103.881758,1.0
70011,6355,Opp Blk 125,1.32317687661433,103.88116008329276,2.0
28229,6352,German Ctr,1.32536675242565,103.74593185918442,2.0
4211,6346,Clarke Quay,1.29043611099357,103.84712444398056,1.0
95099,6343,Opp SAF Ferry Ter,1.38815449129359,103.998786082579,1.0
54079,6340,OPP BLK 315,1.36389805596869,103.84585916699372,2.0
40119,6340,Bef Goldhill Ave,1.31889734253426,103.83249521257974,2.0
11351,6330,Blk 13,1.30934571218561,103.78945112775229,1.0
64529,6328,Hougang Polyclinic,1.3699286957754,103.88933520735068,1.0
23371,6327,Bef Joo Koon Int,1.32595445317751,103.6790814673288,2.0
17319,6327,Blk 716,1.30183915639239,103.76229972130764,1.0
77069,6322,Opp Ris Grandeur,1.37414972830656,103.94081177255109,1.0
72051,6314,Kaki Bt Ind Est,1.33343973211343,103.90412516288116,1.0
40219,6307,Bef Met YMCA,1.317033,103.826044,1.0
27501,6306,NTUC HEALTH NURSING HME,1.34097116721964,103.69167107077278,1.0
43561,6306,Opp Bt Gombak Stadium,1.35745163479028,103.75287425796093,1.0
53409,6305,,,,
17219,6295,,,,
59649,6292,,,,
60019,6282,BENDEMEER STN EXIT B,1.31479811892165,103.86413644350252,1.0
13039,6281,Bef Chatsworth Rd,1.29981572699945,103.81744265557978,1.0
58601,6273,Blk 108A,1.448139,103.831129,2.0
96261,6264,Blk 233,1.34404967237603,103.95585935578698,1.0
54501,6261,Opp AMK Ind Pk 2,1.37787138898682,103.8626630559814,2.0
20209,6261,Bef Jurong Town Hall Rd,1.32043333301332,103.7440744439939,1.0
40279,6260,Kk Women & Children Hosp,1.30981925741503,103.8460393043403,2.0
17381,6255,West Bay Resort Condo,1.29907638900012,103.76686444402534,1.0
27449,6254,Aft Westwood Ave,1.35053242519874,103.70107895859192,1.0
78241,6254,,,,
53011,6253,ST. THERESA'S HME,1.34555351143315,103.8382633553218,2.0
53359,6252,Opp Ai Tong Sch,1.36125666702141,103.83196166697408,1.0
95061,6251,Airline Hse,1.37755167138896,103.99653899373014,1.0
92091,6250,Opp One Amber,1.30270333303256,103.89931388900564,2.0
14021,6246,The Pearl @ Mt Faber,1.27132972198996,103.82478361101728,2.0
75539,6236,,,,
78151,6232,Blk 230,1.37239496316057,103.96078021168164,1.0
27429,6225,Blk 711,1.34286500004293,103.69555805555356,1.0
26349,6218,Tuas Technology Pk,1.3119396916744,103.62993851893346,1.0
54301,6215,Blk 5022,1.37019500530585,103.86284675062744,2.0
46501,6213,Opp Marsiling Pk,1.43796940271606,103.77118912980488,1.0
21649,6212,Opp Blk 322,1.33670886560508,103.72517977728532,1.0
15059,6210,Opp Alexandra Pt,1.27686194443878,103.80270111113056,2.0
28029,6202,8 @ TRADEHUB 21,1.32688998200812,103.7543602766846,2.0
44421,6201,,,,
59269,6195,Opp Blk 174,1.43774971409693,103.8312528105951,1.0
46389,6194,Aft W'Lands Ind Pk D St 1,1.42930397640592,103.76660954719264,1.0
15151,6190,Opp Mapletree Biz City,1.27389192906939,103.7982220898242,1.0
66461,6188,Ang Mo Kio Linear Pk,1.37889000002038,103.87128027800178,1.0
47089,6184,Aft Senoko Dr,1.46227877192855,103.80387918503344,1.0
58261,6180,VISIONAIRE,1.44710213838584,103.82726305553976,2.0
52529,6175,,,,
67281,6172,Blk 403A,1.38925023527794,103.87298584005708,1.0
97039,6172,Bef Jln Bena,1.35535232677111,103.96894056406585,1.0
43819,6162,Hillview Green,1.358156,103.7651,1.0
44881,6160,BLK 816B,1.37573320756145,103.74842003077862,1.0
50241,6155,Opp S'pore Khalsa Assn,1.31724802771626,103.8572754498738,1.0
52309,6150,,,,
54619,6150,OPP BLK 220,1.36467168386173,103.84050288513411,1.0
84571,6149,OPP BLK 55,1.32653228537615,103.9187401751097,2.0
44549,6148,Opp Northvale Condo,1.38748720575146,103.746189135824,1.0
66319,6140,,,,
44541,6135,Northvale Condo,1.38764444400097,103.74593527798108,2.0
54041,6130,Opp Courts Ang Mo Kio,1.373676,103.845043,2.0
81101,6128,CISCO Ctr,1.32111522416649,103.89152220076971,1.0
40021,6127,BEF WINSTEDT RD,1.311033889,103.8427911,1.0
64521,6125,Blk 834,1.36983992146019,103.88956725593734,1.0
58099,6112,Opp Sembawang Pk,1.460299,103.837391,1.0
71291,6107,THE LEO,1.33709007875103,103.90374749997088,1.0
23071,6102,Opp SAFTI Military Inst,1.32977056006705,103.68257796013836,1.0
29011,6102,Opp Sanmina-SCI,1.3085474999723,103.73362194401842,1.0
46941,6089,Opp Nylect Engrg,1.45167306508663,103.80547695607456,1.0
56049,6087,Meadows @ Peirce,1.37945638898658,103.82768833298778,1.0
85071,6083,Bef Changi Fire Stn,1.33407653133395,103.9498516702887,2.0
45239,6082,,,,
56259,6082,,,,
61119,6075,Blk 103B,1.335623,103.871938,2.0
20281,6075,Opp The Japanese Sec Sch,1.31234219524906,103.75484214400764,1.0
43669,6069,,,,
17329,6060,Blk 705,1.30505055600585,103.76058388902574,1.0
2119,6056,Opp War Memorial Pk,1.29184407356581,103.85534334305083,1.0
64371,6053,Opp Punggol CC,1.37447444021165,103.89289427356104,1.0
92211,6048,CHIJ Katong Convent (Sec),1.30595638898755,103.91698861102066,2.0
52569,6045,,,,
12089,6037,Opp Maju Camp,1.326261111,103.7757089,1.0
63359,6036,Hougang Swim Cplx,1.36936804895468,103.88779233654836,2.0
11531,6030,Opp Lea Hin Hardware Fty,1.29108833302538,103.80753083302794,1.0
11589,6025,Blk 157,1.292991881006,103.80400524995773,1.0
58269,6024,OPP VISIONAIRE,1.44702361616489,103.82761997468876,1.0
58311,6023,Blk 354 CP,1.4501979542693,103.81810459422104,1.0
21369,6020,Opp Blk 695,1.34309123717886,103.70800310705764,1.0
64301,6014,Blk 325,1.36722334223088,103.89904601013104,1.0
71299,6004,EMPIRE TECHNOCENTRE,1.33675693078428,103.9040176205713,2.0
46641,6000,Blk 894C,1.43537882843176,103.79002659369448,1.0
13029,6000,Bef Tyersall Ave,1.30671783282361,103.8145185880206,2.0
40059,5996,Chancery Ct,1.31662138896806,103.83634361100415,2.0
66321,5995,,,,
1619,5988,Esplanade Stn Exit F,1.29428694178246,103.85503809424232,1.0
78179,5986,,,,
58021,5978,Opp The Nautical,1.44324136994568,103.82367863032862,2.0
41111,5967,Lutheran Twrs,1.32081170217365,103.81185140010722,1.0
29021,5966,Aft Jln Buroh,1.31267499889159,103.73450231627749,1.0
97171,5964,Opp SATS Catering,1.34566460198537,103.9699380378668,1.0
62239,5956,OPP S'PORE GIRLS' HME,1.34763066655635,103.88998897946436,2.0
9191,5954,Aft Cuscaden Rd,1.30488653118311,103.82549755834486,1.0
63141,5953,Blk 209,1.354019,103.874925,1.0
97049,5953,Changi Prison,1.35817903735465,103.96973879358464,1.0
92271,5951,Opp D'Ecosia,1.30610999016148,103.90952850508972,2.0
91069,5946,Bef Walton Rd,1.30061892627157,103.89304722999232,1.0
80211,5938,Opp Natl Stadium,1.30712803633755,103.87548108759091,2.0
65701,5937,Opposite SIT Punggol,1.411694,103.911075,1.0
58581,5933,Bef Gambas Cres,1.443876,103.813122,1.0
20131,5931,S'pore Food Industries Bldg,1.3155936163792,103.7518511517015,1.0
9149,5926,Opp British Council,1.30608981381948,103.8212215023314,2.0
16099,5923,SIT Dover,1.30061249997689,103.77815138886749,2.0
91061,5920,Bet Hse No. 767/767A,1.30060777798346,103.89256694398648,2.0
76521,5918,OPP BLK 519A,1.357468889,103.940775,1.0
96209,5913,Opp Simei Green Condo,1.340611,103.959694,1.0
96151,5911,Blk 106,1.34232997550862,103.9512102808038,1.0
54059,5909,Bef Ang Mo Kio Lib,1.3762849891494,103.84498299185915,1.0
56191,5906,Teachers' Housing Est,1.37879833302094,103.82944083302412,1.0
66471,5905,Bef Yio Chu Kang Rd,1.37895833299995,103.8743605559661,1.0
71201,5902,Paya Ubi Ind Pk,1.32612447781531,103.89795152582764,2.0
66111,5899,Opp Grace Wk,1.35848277799301,103.86823666699912,1.0
92279,5898,D'Ecosia,1.30633786714639,103.90964863731638,1.0
17011,5888,Opp Varsity Pk,1.29386900823232,103.76688187253777,1.0
53329,5881,Eunoia JC,1.36153970079158,103.84049549859829,2.0
96381,5862,Changi City Pt,1.3332723569143,103.96209564305455,1.0
16221,5860,Opp Haw Par Villa Stn,1.28297585453544,103.78118424868649,2.0
77261,5846,Blk 717,1.38285811735056,103.93615875590504,2.0
66411,5844,Blk 326,1.35002972706339,103.86903123228186,2.0
54169,5840,,,,
43229,5832,Opp Blk 266,1.34904928626369,103.76096016466906,1.0
71151,5832,Blk 3021,1.32814305145316,103.8944494102938,1.0
76471,5829,,,,
84339,5826,Blk 416,1.3289,103.930777,2.0
84431,5817,Blk 3014,1.33513644378005,103.9502227306511,2.0
66021,5815,New Tech Pk,1.35096671417894,103.86182938341672,2.0
46719,5812,Aft W'lands Ind Pk E3,1.45490953729339,103.80106314214775,2.0
58609,5806,Blk 109A,1.447964,103.830401,1.0
58081,5805,Opp Jln Janggus,1.45825194403092,103.83594609403144,1.0
53269,5803,Bishan Stadium,1.35335792415265,103.8511190167485,1.0
85101,5799,Aft Bedok Rd,1.32931499760121,103.95071705887575,2.0
66079,5788,PUB Recreation Club,1.34326097186022,103.86743994816176,2.0
96269,5780,Blk 146,1.34431781695634,103.9558875560972,2.0
46709,5770,Aft Blk 1,1.44144739085946,103.77554719559572,1.0
1629,5763,Shaw Twrs,1.297085,103.856894,1.0
95141,5756,Aft Cargo Bldg D,1.38138618483813,103.99819135664978,1.0
67329,5754,Opp Blk 310B,1.39001974230515,103.8846016818356,1.0
53189,5753,Blk 25,1.35496333303081,103.83681111097366,1.0
14351,5741,Aft Blk 48,1.27275000000424,103.81036111111034,2.0
84429,5737,Blk 515,1.33222526253562,103.93014326693238,2.0
78149,5735,NTUC Health Pasir Ris,1.36970105283111,103.96411887211588,1.0
68049,5728,Opp Jln Tari Lilin,1.39851660309414,103.8729604565282,1.0
22391,5727,,,,
59109,5726,,,,
47019,5722,Aft W'Lands Waterfront Pk,1.45075155241442,103.77892930711522,1.0
49141,5713,Ctrl Granite Ind,1.4383065782824,103.74365393048626,1.0
20139,5713,Opp Angliss Bldg,1.31584166892255,103.75204376675156,2.0
47629,5712,Seagate,1.44667808186871,103.80985736845513,1.0
64439,5710,,,,
44169,5701,Bef Bt Batok West Ave 5,1.37047453510829,103.75017065253876,1.0
10409,5700,Blk 50,1.28788221830638,103.81099317775704,1.0
95149,5692,Bef Cargo Bldg D,1.38128155042147,103.99785682775334,1.0
43211,5690,Sbst Bt Batok Depot,1.34087277799084,103.75507916698768,1.0
46351,5682,,,,
90049,5679,Tanjong Rhu Stn Exit 1,1.297117,103.873563,1.0
94071,5672,Opp Bedok Camp 2,1.319719,103.954968,2.0
58509,5666,Blk 590A,1.45059927113154,103.82696425665894,1.0
10229,5664,Opp Harvest Mansions,1.29052137840164,103.83178189529583,1.0
9121,5658,Bef Tomlinson Rd,1.30397379238249,103.82699645124522,1.0
56251,5657,,,,
91051,5645,Opp Santa Fe Mansions,1.30046470843446,103.88946922448878,2.0
18111,5637,Fairfield Meth Pr Sch,1.30059305599352,103.78448416698872,2.0
16079,5634,Bef Pasir Panjang PO,1.29138264862382,103.77129836184209,2.0
66089,5626,S'pore Power Trg Inst,1.34238715725246,103.86947751046722,2.0
94061,5624,Kew Green Condo,1.318036,103.950595,2.0
56019,5619,Bef Ang Mo Kio Ave 1,1.369486,103.828616,1.0
46619,5618,,,,
45121,5604,Opp S'pore Turf Club,1.42402638898738,103.75863222200964,1.0
55059,5603,ST Electronics,1.3920822654425,103.84909518015895,1.0
65241,5598,Blk 196C,1.39917246521216,103.90767172209786,1.0
59329,5588,,,,
65189,5585,Bef Punggol Ctrl,1.397182,103.918161,2.0
43569,5580,Bt Gombak Stadium,1.35741203899294,103.75311063706324,1.0
67451,5576,Bef Buangkok Dr,1.383046111,103.88960583301704,2.0
41089,5572,Aft Jln Naga Sari,1.33044921085796,103.79993319513189,2.0
66029,5572,St. Gabriel's Pr Sch,1.35017159420349,103.8614352513464,1.0
6031,5568,The Landmark Condo,1.28607055552165,103.83879166662209,1.0
45029,5562,Opp Heavy Veh Pk,1.39303959514259,103.75414864750223,1.0
14019,5556,Opp Mt Faber Lodge,1.2684889249437,103.82571717446542,1.0
15149,5555,Opp Labrador Pk Stn,1.27341871854745,103.80055546758588,2.0
11219,5553,Great Eastern Mansions,1.30988506093033,103.80716407830104,2.0
18149,5550,Essec Business Sch,1.30253001117245,103.78724143833315,2.0
40089,5547,AFT STEVENS STN EXIT 5,1.320510556,103.8273903,2.0
22489,5535,Blk 683A,1.34258460261,103.70536833792208,1.0
46759,5532,,,,
52449,5531,Toa Payoh Police Ctr,1.34044945876465,103.85000305578686,1.0
42199,5528,Aft Bt Batok East Ave 6,1.34607666698124,103.76760722200576,2.0
53089,5523,Faber Gdn,1.363977,103.828198,1.0
50261,5518,Kentish Lodge,1.31608827183208,103.85322332407408,2.0
57139,5514,Aft Jln Kemuning,1.43795662145081,103.8255962797174,1.0
60051,5514,Opp Kallang Pl,1.3141464005633,103.86571468040536,1.0
40401,5499,Blk 224A,1.35726,103.73121,1.0
18101,5491,5 Sci Pk Dr,1.292825,103.786354,1.0
67691,5486,,,,
45489,5480,BEF CHOA CHU KANG LK,1.3937917601606,103.7519993800878,1.0
12201,5475,Logishub @ Clementi,1.32670826856501,103.76399509585458,2.0
12109,5474,Opp Ngee Ann Poly,1.330819444,103.7780086,1.0
55051,5469,Opp ST Electronics,1.3924,103.848962,2.0
28601,5466,Yuhua Sec Sch,1.34733744665393,103.7231677020786,1.0
76171,5460,Blk 266,1.35177947844792,103.95042351024048,1.0
56261,5458,Aft Ang Mo Kio Ave 2,1.367859,103.831724,2.0
58319,5455,Blk 357C,1.44976933938251,103.81802192152004,1.0
42221,5455,Forett @ Bt Timah,1.339618,103.767643,1.0
21679,5448,Blk 329,1.3377621978639,103.72358362464976,1.0
42179,5448,Aft Chun Tin Rd,1.34197833300345,103.77100805601953,2.0
13119,5443,Opp Great World City,1.293615,103.832759,1.0
2149,5433,Suntec Twr Three,1.29560459817725,103.85955533029184,1.0
49159,5431,Aft Sg Kadut Dr,1.43707187354398,103.74581261172024,1.0
1419,5430,St. John HQ,1.3020199999911,103.86326333301204,1.0
28471,5419,,,,
44081,5417,Blk 296A,1.3767974760485,103.74072974268672,2.0
62271,5401,,,,
10501,5400,Blk 104,1.28105845355429,103.82528065411316,1.0
57031,5392,Nee Soon Driclad Ctr,1.40705411971506,103.82012256385369,2.0
55309,5390,Opp AMK Police Div HQ,1.384084,103.844597,2.0
43659,5388,,,,
60059,5379,Bef Kallang Pl,1.31434638899368,103.86586250001176,2.0
44479,5366,,,,
98061,5363,Opp Engine Test Facility,1.37652810391204,103.977166226331,1.0
60201,5363,18 Woodsville,1.32933888886,103.8683861111429,2.0
94041,5357,Aft Parbury Ave,1.31619439069366,103.94430577752212,2.0
27521,5357,Blk 986 CP,1.3368089664846,103.6940617442156,1.0
84131,5353,Opp Panasonic,1.3214133317439,103.92757312069912,2.0
64559,5352,Blk 830A,1.37060388901687,103.8908113889665,1.0
98041,5352,Opp Loyang Valley,1.368079,103.968974,1.0
11491,5352,Opp Queenstown Pr Sch,1.29710202847016,103.8076364994003,1.0
43029,5352,Opp The Hillside,1.35218580086883,103.77000849173528,2.0
46879,5347,,,,
49179,5340,Aft Kranji Cres,1.43467967585537,103.75053324827904,1.0
46379,5339,,,,
98049,5336,Loyang Valley,1.368333,103.969362,2.0
27519,5328,Opp Blk 974,1.34004285535929,103.69292404819556,2.0
21621,5319,,,,
27291,5319,Opp Hall 6,1.34772267411254,103.68649929145208,1.0
25709,5311,EDGEN MURRAY,1.295671,103.627284,1.0
62101,5295,Bef Upp Serangoon Rd,1.34324887065522,103.87308054810316,1.0
46711,5292,Bef W'lands Ind Pk E3,1.45470160187201,103.80084970775462,1.0
9141,5291,British Council,1.30543500002797,103.82177666702268,1.0
43131,5290,Bt Panjang Pr Sch,1.37331749997168,103.7700624999975,1.0
70089,5271,HDB CP,1.33187702164512,103.89443953236938,2.0
80311,5270,Blk 3B,1.31443333298525,103.87260027800174,1.0
43739,5260,Blk 217,1.34646078257571,103.75454805492608,1.0
71159,5255,Blk 3026,1.32787641919412,103.89457489895,2.0
11279,5255,Aft Coronation Rd West,1.31466878886978,103.79069259768109,2.0
11481,5250,Queenstown Lib,1.29811518922625,103.8060054035445,1.0
53261,5244,Opp Bishan Stadium,1.35285975794309,103.85179055539538,1.0
92301,5243,Bef St. Patrick's Rd,1.30793535291547,103.9126288890594,1.0
51081,5242,Opp Marymount Convent Sch,1.3405549685403,103.83888813472058,2.0
92309,5238,East Coast Apts,1.30827858622776,103.91268253327296,2.0
91041,5237,KiddiWinkie S/H @ Mountbatten,1.30100303875383,103.8865107850326,2.0
18331,5226,Kent Ridge Stn Exit A/NUH,1.2937072200211,103.78489139998857,1.0
54099,5213,OPP BLK 333,1.36118777797342,103.85104805596896,2.0
46491,5206,Blk 402,1.43188974761143,103.77200799456398,1.0
30049,5204,Home Team Acad,1.37431332163268,103.723836557791,1.0
65621,5198,Samudera Stn Exit B,1.416279,103.902739,1.0
65571,5194,,,,
16051,5181,The Crystal Tabernacle Ch,1.29014861601908,103.77426036615236,1.0
84279,5162,Aft Bedok Nth St 5,1.33664160677812,103.94439635871171,1.0
28591,5156,Opp Blk 481,1.34645638903065,103.72538249998608,1.0
20141,5147,Opp Blk 408,1.31771999750607,103.7487710528033,1.0
66139,5145,Opp Trinity Meth Ch,1.36357778856307,103.86929111065648,2.0
46881,5145,Old Chang Kee Bldg,1.44983018145906,103.80523207218322,1.0
62241,5144,SBST Hougang Depot,1.34503285502097,103.89113604973043,1.0
11271,5129,Aft East Sussex Lane,1.31473444398294,103.79008416699844,1.0
70241,5126,Aft Grace Baptist Ch,1.32525399997752,103.88199999996776,2.0
54309,5125,Opp Blk 5022,1.36988835306854,103.86306604022435,1.0
84591,5123,Sbst Bedok Nth Depot,1.33774805557922,103.9469947222316,2.0
14341,5121,Opp Blk 59,1.2759338888633,103.81347388887318,1.0
98079,5119,Opp Loyang Way 4/Soxal,1.37859016739254,103.97870069719524,2.0
42229,5116,Aft Toh Tuck Terr,1.33943222197209,103.76827388898352,1.0
46299,5105,Opp Blk 106,1.43692705673107,103.78274585693056,2.0
42219,5101,Opp Highgate Pk,1.3395991670039,103.7653538889816,1.0
8011,5097,Opp Haw Par Glass Twr,1.29706985017362,103.84361028672502,2.0
42211,5096,Highgate Pk,1.33974260070464,103.76559520495252,1.0
21211,5086,Opp Lakepoint Condo,1.34004972199531,103.7160683329844,1.0
94089,5081,Calvary Ably Of God Ch,1.31536333302999,103.94294138900048,1.0
31151,5081,Aft Lim Chu Kang Rd,1.37363227377286,103.69596747862988,2.0
20249,5079,Blk 54,1.32162000001571,103.73670359829424,1.0
2051,5078,The Float @ Marina Bay,1.289503056,103.8590339,2.0
16071,5077,Opp Pasir Panjang PO,1.29129940835907,103.77117221155989,1.0
11089,5070,Opp Holland Hill Lodge,1.30946135492693,103.8033408735464,1.0
21199,5069,Blk 178,1.333309472028,103.72051292839538,2.0
58481,5059,Opp Wellington Pr Sch,1.45305905176825,103.82267933798676,1.0
97071,5057,Aft St. John's Cres,1.36855806171082,103.97786417344932,2.0
43769,5052,Dulwich Coll/Blk 445,1.35151426989451,103.73781565466236,1.0
58141,5037,Sembawang Camp,1.463365158306,103.81653183057892,1.0
64397,5034,Block 513,1.371948,103.890003,1.0
67719,5033,Opp Sengkang Fire Stn,1.37972132476485,103.89527238603088,1.0
58589,5031,Opp Gambas Cres,1.443534,103.813173,1.0
22361,5023,Blk 641,1.34077805602959,103.69587277801652,1.0
43453,5023,BEF PIE,1.3479,103.7385,1.0
12209,5019,Opp Logishub @ Clementi,1.32653202760922,103.76429968220567,1.0
66121,5017,Chuan Terr,1.36239972197855,103.8677600000224,1.0
90069,5015,Opp Dunman High Sch,1.29795473961403,103.88258182953015,1.0
71011,5015,Aft Paya Lebar Rd,1.33411688207761,103.8905439271326,2.0
43209,5014,Autobacs,1.34697997431974,103.76384248905434,2.0
78269,5013,,,,
43201,5013,Park Natura,1.34694499998204,103.76464638897036,1.0
13201,5008,British High Commission,1.30453622259471,103.82209559895128,1.0
67571,5001,Aft Lor Tanggam,1.39515796674426,103.87391924861367,2.0
40109,4998,Opp KK Women & Child Hosp,1.30949131269895,103.8477074783344,1.0
96389,4993,Opp Changi City Pt,1.33316035695047,103.9621950000088,1.0
54609,4992,Opp Townsville Pr Sch,1.3593577779887,103.8552925000032,2.0
77141,4973,Blk 519,1.37380309020358,103.9452981948771,1.0
61009,4972,Blk 122,1.33521166697553,103.86663249997784,1.0
43829,4967,Symphony Hts,1.35685805598526,103.767370833003,1.0
43219,4964,Opp Sbst Bt Batok Depot,1.3413740257309,103.75446757134856,1.0
18131,4959,Science Pk,1.28950073498414,103.7918327963467,1.0
55079,4958,Aft Econ Medicare Ctr,1.391952,103.853366,1.0
98069,4957,Aft Engine Test Facility,1.3757102208247,103.976778734029,2.0
27061,4951,Sch of ADM,1.34984722128218,103.68387082088056,1.0
96191,4941,Blk 224,1.34285666698806,103.95774638900882,2.0
70081,4939,Opp HDB CP,1.33227580149459,103.89497442435284,1.0
71179,4936,Aft Scdf Hq,1.3346773011372,103.89238294056769,1.0
1519,4934,The Gateway,1.29907492488417,103.8589102973441,1.0
3021,4930,Prudential Twr,1.28255524603003,103.84998903789258,2.0
61041,4929,Bef Braddell Rd,1.34142999996834,103.87049194397346,2.0
42191,4929,Bef Bt Batok East Ave 6,1.34642944402637,103.76696388898718,1.0
55071,4924,Bef Econ Medicare Ctr,1.39246274085167,103.85261828242731,2.0
94049,4923,Aft Bedok Sth Ave 3,1.31616443335073,103.94482108127718,1.0
20319,4907,,,,
3529,4902,Downtown Stn Exit E,1.27939957419063,103.85278769921705,1.0
11069,4896,Queensway Sec Sch,1.30236853162324,103.80161762237655,1.0
46871,4892,,,,
66601,4889,Blk 991A,1.38486,103.882346,1.0
81231,4881,Opp Kh Plaza,1.31389305598354,103.88189611100506,2.0
47081,4880,Aft Senoko Cres,1.46202336398517,103.80383405130848,2.0
96229,4874,S'pore Expo,1.331224,103.95799,1.0
15139,4874,Kent Ridge Stn Exit B,1.29241000003008,103.7845849999835,1.0
53149,4862,Whitley Sec Sch,1.35548111090619,103.84161232917472,1.0
10401,4855,Shriro Hse,1.28816729863,103.81167850401884,1.0
24461,4855,,,,
46271,4850,Opp Blk 802,1.44040195107982,103.78588806965098,1.0
58501,4840,Blk 592A,1.4507187825944,103.82708492151544,1.0
83179,4840,Aft Siglap Dr,1.31460443311119,103.91922466611176,2.0
21761,4836,Blk 138B,1.32831333299986,103.72476805601296,2.0
20089,4832,Opp Carrier S'pore,1.32702967705527,103.7392229529496,1.0
14189,4827,Aft Alexandra Rd,1.27269303340787,103.80398363214624,2.0
3041,4826,Telok Ayer Stn Exit A,1.28179509394707,103.84893207391676,1.0
42309,4817,Hse No. 45,1.3380616700805,103.7689087856964,1.0
11081,4813,Viz Holland,1.30851972202313,103.80258027799628,2.0
90021,4806,Pebble Bay,1.297235556,103.8710544,1.0
51029,4803,Opp Old Police Acad,1.3302549684081,103.8397133983878,1.0
15141,4798,Labrador Pk Stn,1.27275860463579,103.80095947823813,1.0
84139,4795,Panasonic,1.321745,103.92772,1.0
40091,4794,Bef Lewis Rd,1.32101807290903,103.82350944419166,1.0
65461,4788,Blk 312 CP,1.40985888889928,103.90129988103229,1.0
25439,4786,Opp Super Continental,1.33912525432561,103.63642647473378,1.0
62069,4782,Bef Upp Paya Lebar Rd,1.34209858960795,103.8816130556676,1.0
84121,4781,Aft Bedok Sth Ave 1,1.318437,103.931033,2.0
95049,4780,SATS Cargo Ter,1.37359444402021,103.99443416702756,1.0
49101,4779,Opp Ordinance Supply Base,1.43019265139167,103.75584633886156,1.0
66419,4778,Blk 330,1.35021638901553,103.86930944403264,1.0
3421,4777,Marina Bay Cruise Ctr,1.26694090294712,103.85964778134668,1.0
28481,4765,,,,
31059,4765,Aft Cemy Chapel,1.37207574401713,103.69466807265977,1.0
77341,4764,,,,
43731,4761,Opp Blk 217,1.34630310628015,103.75421605015862,1.0
71211,4752,Ubi 55,1.32546235545492,103.89525403753592,2.0
67039,4745,Aft Seletar Rd,1.38831000001759,103.86800750000182,1.0
11599,4728,Blk 153,1.29420805600708,103.80314888900556,1.0
46201,4727,Blk 10,1.44071020952285,103.77680238652404,2.0
43459,4726,Aft PIE,1.34808666498981,103.73807456781998,2.0
60249,4726,Blk 14,1.32346800000844,103.86194240512684,1.0
84271,4720,Aft Bedok Ind Pk E,1.336735,103.94411,2.0
31051,4713,Pusara Aman Mque,1.37226002154624,103.69445182104045,2.0
66409,4712,Opp Golden Hts,1.34926598081238,103.86593883283692,1.0
71069,4712,Aft Airport Rd,1.3385251356058,103.89512258677937,2.0
22369,4707,Blk 704,1.34033186393306,103.69511038795854,2.0
16231,4704,Wholesale Ctr,1.28635947284714,103.77852933168336,2.0
96159,4704,Blk 254,1.34192167463909,103.9517629482475,1.0
85081,4703,Bef Jln Pari Burong,1.33292331447242,103.94719977411025,2.0
67439,4700,Blk 291A,1.39549374900087,103.89737027918684,1.0
47011,4696,Bef W'Lands Waterfront Pk,1.45076766255392,103.77863124035152,2.0
66069,4692,Bef Braddell Flyover,1.34350264971893,103.86263251306754,1.0
7569,4689,Aft Waterloo St,1.29949531348401,103.85301395376231,1.0
27181,4687,PUB Sub-Stn,1.35587588807417,103.68903620638116,1.0
28371,4684,Bef Jurong West St 51,1.34487972199034,103.72409194399874,1.0
47069,4663,Nth Tech,1.45593908069502,103.79877069336828,1.0
85031,4647,Excelsior Gdns,1.32501115145725,103.95232021806196,2.0
1631,4643,Aft Beach Rd,1.29693614589482,103.85580555528075,2.0
18129,4632,Ayer Rajah Ind Est,1.29776225378985,103.78570767644749,2.0
45491,4627,BEF CHOA CHU KANG NTH 5,1.39414432388749,103.75296269916254,1.0
40211,4615,Opp Met YMCA,1.31655331624558,103.825862990405,2.0
21109,4613,Ctrl Fish Proc Fty,1.31100299869144,103.72109770773132,1.0
76159,4611,Opp Blk 237,1.35517831738683,103.94720149012322,2.0
83131,4604,Aft Lor H Telok Kurau,1.31631138897106,103.90907722199168,2.0
21229,4601,Opp S'Pore A'Space Mfg,1.34206,103.716007,2.0
24359,4594,,,,
66451,4594,Aft AMK Ind Pk 2,1.37872496881803,103.86854361874474,2.0
20161,4593,Opp Blks 34/35,1.31915476642967,103.742136955266,1.0
54441,4579,,,,
66511,4574,Yio Chu Kang Amenity Ctr,1.37665021193432,103.87172116805384,2.0
67089,4574,Bef Fernvale Lane,1.39029406445756,103.8691601952964,2.0
45011,4573,Aft Yew Tee Flyover,1.3902154350718,103.75455779683573,1.0
78091,4561,,,,
75531,4561,,,,
11329,4556,Regent Villa,1.32236139685053,103.7909809400838,1.0
68099,4546,Bef Baker St,1.40885009957996,103.87095311541565,1.0
97031,4544,Aft Jln Bena,1.35474723326023,103.96851979269732,2.0
40391,4543,Blk 231B,1.359258,103.733186,1.0
85089,4536,Aft Sungei Bedok,1.33338002405472,103.94880327361744,1.0
55109,4533,Serenity Pk,1.39049447273752,103.8599334800352,1.0
28201,4533,Opp The JTC Summit,1.33205706208933,103.7418504873348,1.0
65359,4529,Opp Punggol View Pr Sch,1.40552300002668,103.90435300000112,2.0
97321,4505,Aft Compass Green,1.36060285135304,103.97464120182453,1.0
51089,4504,Bef Marymount Convent Sch,1.34154969745419,103.83962581957272,1.0
60069,4501,Kallang Basin Swim Cplx,1.32335935195255,103.87256741522512,1.0
45371,4498,,,,
94069,4495,Opp Kew Green Condo,1.31809668590525,103.95085659912792,1.0
22021,4488,Givaudan,1.32168245080395,103.70369314086494,1.0
97079,4486,Opp St. John's Cres,1.36810642046998,103.97758382793816,1.0
65301,4485,Damai Stn Exit B,1.404378889,103.9096331,1.0
42141,4484,Bef Dunearn Rd,1.33608648972914,103.7781746501292,2.0
95091,4482,SAF Ferry Ter,1.38721361114033,103.99971361110026,1.0
46781,4479,Bef Admiralty Pr Sch,1.44267569107428,103.80124424937156,1.0
67289,4478,Opp Blk 405C,1.38966431065207,103.8732873820409,2.0
43591,4476,Opp Bt View Sec Sch,1.3447586640008,103.7521198162659,1.0
1549,4474,Opp Duo Residences,1.30069868861162,103.85873120467068,2.0
66129,4470,Aft Chuan Gdn,1.361491111,103.8680175,2.0
75041,4469,,,,
45359,4467,,,,
17321,4462,Tien Wah Press Bldg,1.30483416696998,103.76035361097787,2.0
17131,4461,Clementi Flyover,1.3080413890204,103.7659111110208,2.0
64379,4456,Punggol CC,1.37468500843171,103.8926630612946,1.0
83139,4454,Aft Joo Chiat Pl,1.31451138900044,103.90997555601626,1.0
10109,4449,BT MERAH SEC SCH,1.28535315729277,103.81370529674273,2.0
64311,4443,Riverfront Residences,1.370275,103.900361,1.0
70151,4438,Aft Jln Anggerek,1.32768374279565,103.8809633442231,1.0
71029,4422,Comfort Test Ctr,1.33654331402892,103.89504292943955,1.0
30111,4417,Blk 804B,1.37245788679333,103.74282538457524,2.0
66551,4415,Blk 984,1.38172660405235,103.88144339399804,1.0
31159,4408,Bef Lim Chu Kang Rd,1.37336600723318,103.69619726943306,1.0
99171,4395,Changi Beach CP 2,1.39112750002185,103.9910213889211,1.0
59101,4393,,,,
53151,4392,Opp Blk 263A CP,1.357995,103.841113,2.0
54369,4392,,,,
71209,4381,Opp Paya Ubi Ind Pk,1.32608112825105,103.89720788120638,1.0
76291,4374,,,,
14069,4374,Former Railway Stn,1.272538056,103.8364069,2.0
66391,4370,Lor Chuan Stn Exit A,1.35096942673026,103.86484232962732,2.0
45129,4354,S'pore Turf Club,1.42382925070118,103.75863462427267,1.0
27031,4353,Hall 12,1.35186815681876,103.68051749839924,1.0
17289,4346,,,,
1341,4324,Southbank,1.30647555600578,103.86452527798744,2.0
75599,4314,OPP BLK 631B,1.362446,103.943349,1.0
97041,4313,Ballota Pk Condo,1.35785139360852,103.96938267040976,2.0
4219,4308,Opp Clarke Quay,1.29096802754795,103.84686777836988,1.0
21751,4302,Jurong Sec Sch,1.33089333300685,103.72480472198431,2.0
3391,4301,Marina Bay Financial Ctr,1.28037660340352,103.85498006767988,2.0
65469,4299,Blk 310B,1.40982305558831,103.90097793657458,1.0
40179,4296,Env Bldg,1.31133173990881,103.83686949960516,1.0
80219,4290,Natl Stadium,1.30674381370885,103.875264139574,1.0
43599,4284,Bt View Sec Sch,1.34513161798285,103.75190146961904,1.0
64089,4283,,,,
44951,4282,,,,
21069,4279,Bef Jln Tepong,1.31237305598007,103.7191852779968,1.0
66291,4278,,,,
60071,4277,Kolam Ayer Ind Est,1.32719924782732,103.87028217319148,1.0
44671,4274,,,,
66119,4271,Summer Pl,1.35683000003038,103.86812666696964,2.0
60021,4264,Chubb S'pore,1.31828596087227,103.86669874193286,2.0
42021,4256,Aft Maple Ave,1.33254537683925,103.79237058676011,1.0
23231,4249,Keppel Logistics,1.30926499998419,103.67491833296832,1.0
41101,4238,St. Margaret's Sec Sch,1.31908138967253,103.80921733406132,1.0
18339,4235,Opp Kent Ridge Stn Exit A,1.29379302903228,103.78507910002646,1.0
55301,4232,AMK Police Div HQ,1.38425166698696,103.84445666701023,1.0
85029,4230,Aft Bedok Meth Ch,1.32261805599904,103.95429972202514,1.0
47539,4228,,,,
66509,4225,,,,
51021,4224,Old Police Acad,1.330411111,103.8391331,2.0
96199,4220,Opp Blk 224,1.34304235304377,103.9579441304978,1.0
63151,4218,Aft Upp S'Goon Rd,1.35412291412202,103.87758355854012,2.0
50239,4217,S'pore Indian Assn,1.318301,103.8552335,1.0
59709,4214,Bef SAFRA Yishun,1.42599217250432,103.84064406907125,1.0
28181,4210,Bef Toh Tuck Lk,1.32996642498284,103.75819801692673,2.0
21279,4207,Assyakirin Mque,1.33491282590378,103.71952517818409,2.0
10269,4197,Opp Delta Sports Hall,1.29125331927458,103.82057583280772,1.0
2101,4197,Aft S'pore Flyer,1.28938483786533,103.86183148116277,1.0
45049,4196,Opp Yew Tee Ind Est Blk 1,1.39773638898124,103.75499277801016,1.0
55101,4195,Opp Serenity Pk,1.3909401415525,103.85967918415774,2.0
77349,4193,,,,
30101,4189,Blk 485B,1.373713,103.738897,2.0
52211,4189,Lighthouse Sch,1.338573,103.84164,1.0
17301,4188,Opp West Coast View,1.29495361097608,103.76516694401263,2.0
85039,4181,Opp Excelsior Gdns,1.32442497435966,103.9529859426158,1.0
43129,4181,Cashew Pk Condo,1.37162881663563,103.76760246505872,1.0
52221,4175,,,,
77189,4174,Blk 613,1.3755564005294,103.94124910119332,1.0
71049,4171,Air Force Museum,1.34609209274348,103.89881549663342,1.0
12119,4166,Police KINS Trg Camp,1.31964598192789,103.77279266281438,2.0
15131,4165,Kent Ridge Stn,1.29254343742409,103.78448903561744,1.0
78271,4164,,,,
93151,4161,Opp Cable Ski Pk,1.30788664966156,103.9337756712752,1.0
78129,4159,Opp Blk 233,1.375132,103.962121,1.0
43109,4159,Cashew Stn,1.37043731031208,103.76391083181434,2.0
58391,4158,Blk 303,1.44426472199698,103.82241222202444,1.0
83169,4158,Bef Still Rd,1.31428121358171,103.90687033808844,1.0
65671,4151,,,,
44101,4141,Aft Hong San Terr,1.37715950047084,103.74683070774694,2.0
28271,4141,Opp Blk 114,1.33899259685337,103.7339057512108,2.0
21381,4137,ST. JOSEPH'S HME,1.350462,103.709815,2.0
77111,4136,Bef Pasir Ris Way,1.38219835929252,103.94638094436417,1.0
21189,4132,Blk 161,1.33026046590704,103.72122294249657,2.0
50079,4130,Opp Carlisle Rd,1.31583941661931,103.84693372586678,1.0
22151,4130,,,,
97179,4129,SATS Catering,1.34529387211141,103.9698135852748,1.0
53201,4127,Opp Nea Reg Off,1.36128501070806,103.83850250682744,2.0
42241,4118,Aft Eng Kong Pl,1.33711750136148,103.76708487597254,1.0
75549,4114,,,,
44471,4107,,,,
53141,4091,Opp Whitley Sec Sch,1.35566500759395,103.8413270652052,2.0
14171,4085,Opp Yeo's Bldg,1.27145959833005,103.80654857059398,1.0
77231,4083,Tampines Meridian Jc,1.37670503142246,103.9384402608544,2.0
22399,4079,Aft Jln Buroh,1.31345707127095,103.69601603244551,1.0
77351,4077,,,,
44601,4072,,,,
27511,4071,Blk 974,1.33925202251324,103.69310573763543,1.0
77269,4071,Opp Blk 717,1.38289337444624,103.9357870042478,1.0
30089,4071,Aft Hai Inn See Tp,1.377159999987,103.73409166698832,1.0
77359,4060,,,,
42249,4060,Bef Eng Kong Pl,1.33696603683043,103.76697148211272,1.0
83249,4055,Flamingo Valley,1.31786650545216,103.9217459460186,1.0
76161,4049,Opp Blk 248,1.35258745876643,103.9475834369536,1.0
58489,4049,Wellington Pr Sch,1.45285946613506,103.82251092163828,1.0
29099,4048,Bef Sia Huat,1.29938668393663,103.75207185742924,1.0
59749,4041,Orchid Country Club,1.41499035691552,103.8443330000306,1.0
83231,4036,Bef Siglap Dr,1.31726812920156,103.922142299721,1.0
43991,4034,OPP BLK 635A,1.386207,103.7565,1.0
44609,4032,,,,
29019,4031,Sanmina-SCI,1.30808999973571,103.73376586792706,1.0
67659,4025,Aft Sengkang West Rd,1.38980594691547,103.87074360172006,2.0
95041,4022,CIAS Cargo Ters,1.37265452174649,103.99570041596904,1.0
52229,4016,,,,
96171,3998,Bet Blks 227/228,1.34223585449884,103.9559270984333,1.0
46911,3992,Opp Blk 20,1.45068968281344,103.81027103832491,1.0
44679,3982,,,,
44949,3976,AFT BLK 503,1.388429,103.742903,1.0
56041,3969,Opp Meadows @ Peirce,1.379094,103.827593,1.0
58139,3960,Bef Assyafaah Mque,1.45637564424183,103.82074569870127,2.0
67229,3956,Rumbia Stn Exit A,1.39105777803334,103.90614361099206,1.0
96221,3952,Opp S'pore Expo,1.33090140156137,103.95796397863708,2.0
65559,3948,,,,
54109,3944,Bef Ang Mo Kio Ave 10,1.35708169204878,103.85433890252276,2.0
71191,3933,Aft Defu Lane 12,1.34114100497371,103.89814797322435,1.0
81229,3929,Blk 1015,1.31946112797115,103.89018804743054,1.0
75171,3929,UWCSEA,1.3575,103.9313,1.0
54631,3921,,,,
77131,3915,Blk 502,1.3755835643888,103.94652128223,1.0
21321,3906,,,,
30041,3894,Opp Home Team Acad,1.37462014104762,103.72188815233464,2.0
7331,3890,Aft King George's Ave,1.30824994545395,103.8589096071918,2.0
78139,3885,Opp Pasir Ris Pr Sch,1.37321804486777,103.9639885558376,1.0
21089,3883,Bef Jln Buroh,1.31206487520147,103.72296452520035,1.0
85051,3879,Aft Jln Chempaka Kuning,1.32956968334939,103.9488011598722,2.0
83351,3879,Grosvenor View,1.32765583299859,103.91213111102074,1.0
43099,3878,Assumption Pathway Sch,1.36872205121157,103.76498636840049,2.0
65309,3877,Damai Stn Exit A,1.40494388890828,103.90913500001736,2.0
52141,3874,Opp Blk 139A,1.33627740506187,103.84333464003154,2.0
2169,3870,Promenade Stn Exit B,1.29333836780589,103.86070849052751,1.0
18119,3859,Opp Fairfield Meth Pr Sch,1.30004638896912,103.78466749999944,1.0
21759,3859,Opp Jurong Sec Sch,1.33032387572414,103.7249113116863,1.0
58089,3859,Aft Andrews Ave,1.45873255930273,103.8365421699352,1.0
65729,3853,Punggol Coast Station,1.414675,103.911277,1.0
63159,3853,Highland Ctr,1.35516666700323,103.87701916697011,1.0
28259,3844,Opp S'pore Science Ctr,1.33415472196842,103.73698833298556,1.0
11539,3840,Lea Hin Hardware Fty,1.29117049549107,103.80786180498694,1.0
67011,3837,Bef Begonia Rd,1.39009747909366,103.86263251348234,2.0
78099,3835,,,,
71219,3835,Ubi Techpark,1.32554207103,103.89505220634288,1.0
66581,3832,Blk 986B,1.382511944,103.8797475,1.0
66149,3829,Aft Yio Chu Kang Rd,1.36291833299844,103.87236222198604,2.0
28669,3828,Jurong East Warehse,1.33644500000269,103.74935500317244,1.0
18121,3828,Opp Ayer Rajah Ind Est,1.29751168042934,103.7854209482613,1.0
16239,3820,Opp Wholesale Ctr,1.28643527800393,103.77893444397212,1.0
92289,3813,Marine Cove,1.30179664907354,103.91282770401249,1.0
60029,3811,Blk 16,1.31717045698013,103.8660013675876,1.0
47589,3802,Blk 519A CP,1.43479106906247,103.7925444431126,1.0
46209,3788,Blk 2,1.44025242879024,103.77727510649775,1.0
84681,3786,,,,
71061,3784,Bef Airport Rd,1.33901443022109,103.89506854137488,1.0
80231,3779,Opp Blk 53,1.31856503177728,103.88010860959606,1.0
76179,3779,Opp Blk 266,1.35172938925372,103.95069571840816,2.0
53181,3767,Amtech Bldg,1.35607279929568,103.83781001395548,2.0
65641,3757,,,,
66191,3747,,,,
14011,3743,Bef Mt Faber Lodge,1.26795444401606,103.8255261109799,2.0
57019,3734,Springleaf Nature Pk,1.40056260892652,103.81734465881831,1.0
55231,3732,Opp Sbst Ang Mo Kio Depot,1.38576093943759,103.84831692135695,2.0
46451,3727,Opp Blk 872,1.44454396366237,103.78920988459528,1.0
27221,3725,Sch Of CEE,1.34623151653928,103.67851763727316,1.0
44659,3706,,,,
22141,3695,,,,
5129,3687,Opp One Upp Pickering,1.28601166699569,103.84634666701145,2.0
21219,3684,Lakepoint Condo,1.34010356133429,103.71625930906036,2.0
90011,3682,Bef Tg Rhu View,1.29711286404721,103.86924820515104,1.0
50071,3673,Bef Carlisle Rd,1.31572306955077,103.84707504887322,2.0
78231,3671,,,,
45599,3668,,,,
21191,3665,Opp Blk 178,1.33290982216515,103.72044541450344,1.0
55031,3660,Opp NCS Hub,1.38944774212221,103.84360331162512,2.0
16161,3658,Nus Museums,1.30107500001488,103.77369416698464,1.0
91049,3650,Bef Fort Rd,1.30069808015377,103.88643299699928,1.0
82231,3646,Opp City Plaza,1.3142010130892,103.8936761363468,1.0
67301,3640,Blk 305D,1.38888930138858,103.88694431255796,2.0
23079,3638,SAFTI Military Inst,1.33017908917854,103.68181544225692,2.0
71059,3629,Bef Kim Chuan Rd,1.34065465828861,103.89195372882892,2.0
1231,3626,Opp Textile Ctr,1.3032499999752,103.8610830559663,2.0
83171,3620,Bef Roseburn Ave,1.3147363890036,103.91900527803293,1.0
65551,3617,,,,
53209,3610,Aft Nea Reg Off,1.36099828733018,103.83852670989133,1.0
65619,3605,Nibong Stn Exit A,1.4115376363476,103.9000027461105,1.0
49199,3602,Kranji Reservoir Pk B,1.4383674275063,103.73578447263064,1.0
75371,3601,Aft Tampines Ave 5,1.35909826524265,103.93052373888251,2.0
21711,3601,Bet Blks 523/525,1.34699884210956,103.7157628162222,1.0
66401,3600,Golden Hts,1.34937635159369,103.86604085565898,2.0
44411,3600,,,,
15159,3593,Mapletree Business City,1.27426303773784,103.79839350407596,2.0
20171,3587,Opp Blk 47,1.31967681449311,103.73984434693502,1.0
58171,3582,Sembawang Corp Industries,1.45890580814381,103.823798831684,1.0
55251,3580,Countryside Est,1.39093600499761,103.83885575492444,2.0
67339,3578,Opp Blk 200B,1.38648038153055,103.89269086108794,1.0
75209,3573,Blk 882A,1.35145000000178,103.93361000002288,1.0
66561,3565,Outside Blk 991B,1.383486,103.882607,1.0
55259,3559,Opp Countryside Est,1.39143,103.838608,1.0
67649,3556,,,,
81199,3556,BEF OLD AIRPORT RD,1.30862937328019,103.8906311270188,1.0
75519,3555,Opp Blk 610C,1.364004,103.934527,1.0
47649,3555,,,,
65181,3555,Atf Punggol Ctrl,1.39681388886675,103.91754694442,1.0
20341,3553,,,,
46931,3551,Opp W'Lands Spectrum 1,1.45305389773625,103.80789928421208,1.0
16171,3536,Yusof Ishak Hse,1.29890150201437,103.77438231319462,1.0
40171,3531,Opp Env Bldg,1.3109517198906,103.83582101192816,2.0
17309,3528,West Coast View,1.29537083302023,103.7652455560114,1.0
96111,3523,Opp ITE Coll East Adm Blk,1.33365307929022,103.95337833802824,2.0
64319,3518,Opp Riverfront Residences,1.36984558380582,103.90037616571983,1.0
25579,3517,,,,
23219,3511,,,,
29091,3508,Opp Sia Huat,1.29941886215176,103.75254392626566,1.0
11471,3501,Opp The Fisherman Ch,1.29951892595663,103.80315156606572,1.0
58461,3498,,,,
67021,3495,Opp Dedap Rd,1.389306388988,103.86548666703128,2.0
27021,3487,Hall 15,1.35324138896679,103.68192916699402,1.0
24519,3478,GUL CIRCLE STN EXIT B,1.319071944,103.6598081,2.0
11429,3475,Opp Blk 115B,1.30454000002017,103.7983633329984,1.0
28109,3475,SMRT Ulu Pandan Depot,1.33327344230787,103.7593317971408,1.0
13171,3465,Gramercy Pk,1.29906809120339,103.82650703485064,2.0
49209,3457,Sg Buloh Wetland Reserve,1.44513667520796,103.72983812848103,1.0
98029,3448,Opp Blk 275,1.36438833297951,103.96545638898216,1.0
22051,3443,,,,
22541,3443,,,,
67421,3442,Cheng Lim Stn Exit B,1.39616692483827,103.89376724340975,1.0
28611,3441,Opp Blk 461,1.34927792310102,103.721067736574,1.0
83141,3422,Aft Lor G Telok Kurau,1.31763611995973,103.90845006395246,2.0
99029,3421,Aft Cranwell Rd,1.38664086819653,103.97959306203218,2.0
47581,3416,Opp Blk 521,1.43464494959345,103.79352674536877,1.0
22401,3412,,,,
21271,3412,Opp Assyakirin Mque,1.33465896770641,103.71947315443572,1.0
71051,3409,Aft Kim Chuan Rd,1.34151105876514,103.89189250385124,1.0
27209,3402,Halls 8 & 9,1.35150701703353,103.68569234331088,1.0
45259,3402,,,,
48019,3400,Mandai Camp 2,1.41047890324886,103.77547240613428,1.0
45241,3394,,,,
56011,3394,Bef adana at thomson,1.36865,103.828321,2.0
4251,3389,Opp High St Ctr,1.28973833297563,103.84888472198024,1.0
40399,3382,Blk 123B,1.35984,103.734244,2.0
51101,3382,Bef Thomson Flyover,1.32753637537789,103.83724817699014,2.0
75379,3366,Bef Tampines Ave 5,1.35943002306953,103.9309897702735,1.0
65611,3365,Nibong Stn Exit B,1.41138059190012,103.9003025582472,1.0
45041,3365,Thong Huat Bros Pte Ltd,1.40062703005588,103.7555616076716,1.0
66211,3363,,,,
54499,3355,Bef CTE,1.37700806651463,103.86055355422364,1.0
3239,3354,Shenton Way Ter,1.27464226961973,103.84756721372408,1.0
16201,3353,Barossa Gdns,1.28130063164133,103.78410758834184,1.0
62249,3347,Opp SBST Hougang Depot,1.34421563693504,103.89102556910234,2.0
76441,3346,OPP BLK 345,1.35219503409437,103.96105194447786,2.0
16149,3344,SDE3,1.29781833402646,103.76994027003138,1.0
41109,3344,Opp St. Margaret's Sec Sch,1.31944666701923,103.81052861101584,2.0
93129,3343,Bef Sekolah Indonesia,1.31135799079971,103.92481225868325,2.0
14211,3339,ISS Intl Sch,1.28161168409316,103.80521877469816,2.0
21029,3338,AFT CORP PL,1.32429728567538,103.72180766916205,1.0
77119,3336,Aft Pasir Ris Way,1.38222775917912,103.94657905489991,1.0
16209,3334,HORIZON RESIDENCES,1.28159092769912,103.78400650244838,2.0
77139,3334,Blk 582,1.37518089319612,103.94649798163483,1.0
28101,3332,Opp SMRT Ulu Pandan Depot,1.33312436803086,103.75905617435504,2.0
27529,3329,Opp Blk 987A,1.33629804819426,103.69406295180332,2.0
85059,3328,Bef Jln Chempaka Kuning,1.32950222197902,103.94906611097686,1.0
9139,3319,ORCHARD BLVD STN EXIT 1,1.303528,103.823585,1.0
24239,3318,,,,
57011,3318,Opp Springleaf Nature Pk,1.40015725353057,103.81717214668784,1.0
43121,3315,Aft Cashew Terr,1.37118669285497,103.76669327756966,1.0
10449,3313,Blk 44,1.28666552495266,103.8119537804698,2.0
68091,3312,Aft Baker St,1.40885699822728,103.8711692911676,1.0
1639,3311,Bef Beach Rd,1.29738750001468,103.85557583297624,1.0
43391,3306,Bt Batok CC,1.34989395166691,103.7477975366473,1.0
25541,3300,,,,
67029,3299,Aft Dedap Rd,1.38906690681702,103.86517736947856,1.0
67999,3287,Blk 461B,1.39506,103.871495,1.0
65081,3284,Opp Blk 199C,1.40092158845981,103.9053103856168,1.0
59701,3281,Opp SAFRA Yishun,1.42548192920513,103.84020205228327,2.0
12211,3272,Bef Mt Sinai Wk,1.31721336095462,103.7807071208858,1.0
82179,3267,Aft Rambutan Rd,1.31383213839694,103.90453211897776,1.0
10659,3267,Blk 1003,1.28362333298689,103.81472833301792,1.0
62061,3262,Aft Upp Paya Lebar Rd,1.34173536917551,103.881781583035,1.0
71041,3261,Opp Air Force Museum,1.34652497125332,103.89845248326446,1.0
47641,3258,,,,
98131,3258,Bef Loyang Way 1,1.3741140347487,103.97225879434563,1.0
7561,3254,Bef Waterloo St,1.29945446471936,103.85267983857251,2.0
40099,3252,Aft Dunkirk Ave,1.32185235205471,103.82344007494515,2.0
43671,3248,Opp Dunearn Sec Sch,1.36459985984635,103.743456828696,1.0
46309,3235,,,,
40309,3233,Opp Blk 451A,1.35367643079374,103.74299081028306,2.0
97301,3230,Aft Changi Nth St 1,1.35182434688859,103.96979848322832,1.0
58611,3227,Blk 115C,1.446533,103.82993,1.0
28361,3227,Jurong Lake,1.34418881822068,103.72748780602458,1.0
5319,3217,OCBC Ctr,1.284437,103.849114,2.0
43291,3213,Aft Jln Remaja,1.35796167034005,103.7613803711349,1.0
22149,3211,,,,
99021,3210,Bef Cranwell Rd,1.38667053181061,103.97916912424074,1.0
96351,3208,Bef Changi Sth St 1,1.33529647913206,103.97039204168856,1.0
20329,3200,,,,
98071,3196,Loyang Way 4/Soxal,1.37965443818622,103.97838930249064,1.0
64551,3194,Blk 836,1.370423,103.890741,1.0
40029,3192,Aft Makepeace Rd,1.31142305600915,103.84265999998344,2.0
7241,3186,Bef S'Goon Rd,1.31557142083242,103.85900616698896,2.0
46051,3180,Bef BKE,1.43897086088179,103.76640888181257,1.0
58499,3177,Blk 506A,1.45205869701978,103.82428769521944,1.0
64509,3175,Blk 941A,1.37423994629457,103.87882971768626,1.0
25719,3172,THE INDEX,1.289014,103.624893,1.0
27509,3170,Bef Yunnan Cres,1.34043647212319,103.69135819975956,2.0
97311,3167,Zuellig Pharma,1.35255805555221,103.97290111112584,1.0
24581,3165,Opp ESAB,1.3249613889807,103.666995833031,1.0
58429,3165,Bet Blks 415/416,1.45151629026328,103.81892529028816,2.0
30109,3165,Opp Blk 485A,1.373745,103.738354,1.0
11331,3163,Opp Dynasty Gdn II,1.32320918827361,103.7914466857562,2.0
53419,3159,,,,
40431,3157,Blk 237A,1.36142,103.73163,1.0
66081,3156,Opp S'pore Power Trg Inst,1.34302188357133,103.86962821126625,1.0
40271,3149,Opp KK Women & Child Hosp,1.30880664936794,103.8463464537845,1.0
75589,3141,OPP BLK 638A,1.364117,103.945427,1.0
62231,3138,BEF S'PORE GIRLS' HME,1.34771728070981,103.89029313192805,1.0
59739,3137,Opp Blk 512A,1.41416011900146,103.84214688104234,1.0
24651,3137,,,,
95011,3128,Aft Aircraft Flyover,1.34719486317101,103.98406055558527,1.0
42301,3124,Opp Hse No. 19,1.33874676722579,103.76866950533451,1.0
71021,3122,Opp Comfort Test Ctr,1.33655775095595,103.89468782549604,2.0
47061,3117,Aft Attap Valley Rd,1.45605441023441,103.79808423496016,2.0
28021,3116,OPP 8 @TRADEHUB 21,1.32615808379173,103.75545022241596,1.0
53081,3115,Opp Faber Gdn,1.36319303798878,103.82783467220467,2.0
44529,3110,Blk 410,1.38057038161005,103.7417695571546,1.0
93121,3105,Opp Sekolah Indonesia,1.31088501240237,103.92498850824488,1.0
21231,3105,Blk 203,1.34359535075913,103.7159904033882,1.0
68171,3101,Bef Yishun Ave 8,1.42704251041342,103.85535247743788,1.0
95909,3097,AFT SOMAPAH RD,1.33849391556302,103.96049907137146,1.0
76371,3093,,,,
83341,3093,Blk 102,1.32539968158209,103.91109803643086,1.0
15071,3078,Opp Lor Sarhad,1.28142472197061,103.78701416697068,1.0
59279,3077,Opp Ahmad Ibrahim Sec Sch,1.43670438744279,103.8288049642525,1.0
22161,3074,Aft Lok Yang Way,1.32551656861142,103.69643109025226,2.0
93159,3071,Cable Ski Pk,1.3077547570517,103.93132371442206,1.0
58571,3060,Gambas Ave,1.441805,103.8168685,1.0
43139,3055,Opp Bt Panjang Pr Sch,1.37322530507327,103.7702931122152,1.0
76451,3048,BLK 324,1.35220340979899,103.95928609997816,2.0
46381,3047,Opp W'Lands Ind Pk D St 1,1.42907427878851,103.76676266569542,1.0
67169,3046,Blk 101,1.38253470078472,103.89922222337448,1.0
41061,3046,Chinese High Sch,1.32705333303352,103.80572472199287,1.0
28351,3044,Opp Blk 350,1.343615278018,103.73105583301476,1.0
95079,3042,Opp Changi Beach CP 3,1.39019416668503,103.992520277795,1.0
46269,3037,Republic Poly,1.44217333334596,103.7858849999918,1.0
47829,3034,Sumitomo Bakelite S'pore,1.46054631909982,103.80617388921056,2.0
26369,3013,See Hup Seng,1.2984699944142,103.62308583345812,1.0
54529,3010,,,,
11321,3004,Opp Regent Villa,1.32123138902898,103.79010361098511,2.0
67099,3000,Blk 459B,1.3937,103.869287,1.0
30081,2997,Opp Hai Inn See Tp,1.37727684686882,103.73431312110678,2.0
67019,2996,Aft Begonia Rd,1.38976371710347,103.86253811109862,1.0
76169,2993,Blk 248,1.3524530559991,103.9474516670289,2.0
40331,2990,Blk 460D,1.353303,103.740304,1.0
25269,2984,Tuas Checkpt,1.34777150726774,103.63746924027154,1.0
11459,2976,Blk 50,1.30097055597804,103.7968519439962,1.0
12081,2972,Clementi N'hood Pk,1.326468056,103.77543,2.0
20259,2965,C'wealth Sec Sch,1.320135,103.745076,1.0
27149,2965,Juying Pr Sch,1.33906525108364,103.68875795867145,2.0
96119,2964,ITE Coll East Adm Blk,1.33373145315305,103.9537488312858,1.0
67081,2957,Aft Yio Chu Kang Rd,1.38990180700693,103.86883700264016,1.0
17351,2956,Aft Clementi Rd,1.29358000003179,103.76576444402885,2.0
21769,2956,Opp Blk 138B,1.32847554099899,103.7249037836336,1.0
23311,2956,,,,
46991,2954,,,,
55039,2946,NCS Hub,1.3891573228776,103.84383135324572,1.0
20251,2942,Bef Teban Gdns Rd,1.31975500989852,103.7444710207628,2.0
11451,2940,Blk 72,1.30034972200468,103.79707277801477,2.0
21141,2936,Aft Jln Buroh,1.31517431113868,103.71957368500225,1.0
28661,2936,Opp Jurong East Warehse,1.33665522766949,103.74951999566711,1.0
91071,2934,Bef Tg Katong Rd,1.30171305700998,103.89599084091456,2.0
60061,2933,Aft Infineon,1.32276521075674,103.87402134422793,1.0
22419,2926,Jurong West Sub-Stn,1.346532,103.703637,2.0
49119,2920,Blk 2,1.43218727065725,103.75568435534464,2.0
19029,2909,Opp SP SMA,1.3095609201372,103.78201879388226,2.0
64309,2907,Opp Blk 321,1.3670813438207,103.89926444088417,1.0
16181,2903,Ctrl Lib,1.29656572408064,103.7725424766424,1.0
84129,2899,Fujitec S'pore Ltd,1.31875790465263,103.93158674239623,1.0
23059,2896,Aft Kian Teck Rd,1.33071284667323,103.68813759846915,2.0
23041,2891,Opp Jurong Camp,1.33334088691759,103.69055967203332,1.0
47821,2886,Opp Sumitomo Bakelite S'pore,1.46077717684188,103.80582927631109,1.0
95901,2885,BEF SIMEI RD,1.33857587129254,103.96020709087524,2.0
70029,2877,Canossa Catholic Pr,1.32662552821417,103.88054354805392,1.0
21149,2876,Jurong Port Workshops,1.315633,103.719896,1.0
5431,2875,Aft Tanjong Pagar Rd,1.27408,103.8420461,1.0
83279,2870,Aft Carmen St,1.3188308339316,103.9251053082044,1.0
16131,2868,Opp Kent Ridge Ter,1.29487639088562,103.76935201010454,1.0
66141,2866,Bef Yio Chu Kang Rd,1.36311828855893,103.87239656838273,1.0
22289,2851,Bef Fan Yoong Rd,1.32926333300758,103.70284000001512,1.0
94079,2848,Bedok Camp 2,1.319557,103.955325,1.0
61069,2843,Potong Pasir Stn Exit A,1.33275975641149,103.8683809239276,1.0
82181,2842,Flora East,1.31422806856846,103.905891658307,2.0
59721,2841,Blk 816,1.41153711897875,103.83367988105842,2.0
94099,2837,Aft E.C. Sea Sports Club,1.31149001305165,103.95030071791084,1.0
63161,2833,Serangoon Swim Cplx,1.35717307747832,103.87530650239556,2.0
67459,2831,Aft Buangkok Dr,1.38288638899819,103.88911083301012,1.0
66201,2826,,,,
97331,2825,Bef Changi Prison Cplx,1.3556366037228,103.97509801681348,1.0
27189,2821,Opp PUB Sub-Stn,1.35607204234326,103.68903921690324,1.0
54161,2812,,,,
51111,2809,Opp Andrew Rd,1.34064833298154,103.83271333302343,2.0
23239,2806,Opp Keppel Logistics,1.309154,103.675189,1.0
47101,2803,Aft Senoko Ave,1.46653722200693,103.8090658329841,2.0
42049,2800,Hua Guan Gdns,1.33580349277905,103.7846322701164,2.0
61089,2786,Bet Blks 138/144,1.3330716590648,103.86530804883829,1.0
54601,2780,Townsville Pr Sch,1.35942138902131,103.85514583300495,1.0
1429,2777,Golden Mile Cplx,1.3032136089394,103.86501584807765,1.0
60079,2774,Bef Bendemeer Rd,1.32685601711017,103.86950969695144,1.0
24351,2771,,,,
59301,2769,,,,
53439,2765,,,,
19049,2765,Sch of Science & Tech,1.31266302174215,103.77479215922536,2.0
26259,2762,Aft Tuas Sth Ave 2,1.31751639387096,103.63011079068616,1.0
99031,2762,Opp Maranatha B-P Ch,1.38790615442763,103.98177807887794,1.0
23429,2761,,,,
58421,2753,Blk 353,1.4513061244853,103.81902919989244,1.0
81191,2751,AFT OLD AIRPORT RD,1.30913166702397,103.89180000002516,2.0
45351,2749,,,,
15079,2749,Aft Lor Sarhad,1.28077893732919,103.78682778221344,1.0
22069,2744,Opp Ceva Logistics,1.31365447950552,103.703794622055,1.0
44909,2736,Blk 184,1.37998945869065,103.76225836886368,1.0
43111,2734,Min Of Defence,1.37229972154626,103.76298146518724,1.0
54519,2732,,,,
51199,2729,Blk 131B,1.338775,103.842559,2.0
44489,2729,,,,
28221,2729,Opp Intl Business Pk,1.32761805004,103.74494173101616,1.0
81221,2728,Opp Blk 1015,1.31976331280568,103.89015111975267,1.0
21181,2718,Opp Blk 161,1.329915,103.720953,1.0
83181,2701,Aft Bethesda Frankel Ch,1.31662343088137,103.9175534248162,1.0
75619,2697,,,,
24089,2696,,,,
96179,2696,Modena Condo/Opp Blk 228,1.3426613811598,103.95530716615028,1.0
19041,2689,Opp Sch of Science & Tech,1.31235972197855,103.77552750001335,1.0
21329,2687,OPP UTOC ENGRG,1.32691548284142,103.70901792785014,1.0
78279,2687,,,,
20331,2682,,,,
12111,2681,Bef Clementi Rd,1.3191179107649,103.77222980786664,1.0
43799,2681,Blk 432A,1.360292,103.743215,1.0
51139,2680,Braddell View,1.34436688449065,103.84032264966956,1.0
30091,2671,Chengtai Nursery,1.37943055556701,103.7308563889232,2.0
58619,2669,Opp Blk 115C,1.44637,103.830152,2.0
10439,2665,OPP ENABLING VILLAGE,1.28747956947939,103.81418936580334,2.0
59029,2659,Aft Yishun Ave 1,1.40885843406387,103.82924769115782,2.0
67501,2654,Blk 117C,1.38354973187936,103.903650012666,1.0
59021,2649,Bef Yishun Ave 1,1.40922833847299,103.82908330455544,1.0
67511,2642,Blk 121E,1.38603041619808,103.9062452316184,1.0
53099,2636,Aft Ang Mo Kio Ave 1,1.36660638165473,103.828428661727,1.0
5629,2629,Opp Southpoint,1.273211389,103.84187,1.0
44481,2627,,,,
65389,2626,,,,
46319,2623,,,,
23211,2618,,,,
82171,2616,Bef Mangis Rd,1.31382614901728,103.9030699267992,2.0
12199,2611,Opp Village Twr,1.31547998901343,103.77820622498255,1.0
15201,2610,Aft Pasir Panjang Stn,1.27680819120105,103.78970861437152,1.0
90061,2597,Dunman High Sch,1.2981225,103.8824094,1.0
22329,2594,Opp Sam Mccoy Engrg,1.33024346855102,103.70501590196446,1.0
47109,2592,Maxsteel Enterprise,1.46608416701086,103.80861861101393,1.0
58491,2587,Opp Blk 507A,1.45272174340224,103.82431343665893,1.0
2141,2584,Suntec Twr Two,1.29576571603037,103.85933814632858,1.0
14109,2583,Keppel DP Blk 517,1.26804601553507,103.8272249050558,2.0
45019,2577,Aft Yew Tee Flyover,1.38829923721056,103.75553944051408,1.0
22159,2561,,,,
45591,2556,,,,
96361,2555,Aft Akzonobel,1.33649110063455,103.96643704167045,2.0
53091,2555,Bef Ang Mo Kio Ave 1,1.36482025993725,103.8279237884758,2.0
32081,2555,Sg Gedong Camp,1.41744631606558,103.70120361125711,1.0
58131,2553,Aft Assyafaah Mque,1.4562533329966,103.82045999997707,1.0
56269,2553,BEF Ang mo kio avenue 2,1.36741835425889,103.83233403239235,1.0
77161,2552,Blk 741,1.37752492323898,103.93657565115056,1.0
68239,2550,Seletar Airport,1.41360008537368,103.87287372479015,1.0
22191,2546,Soon Lee Depot,1.33130584013018,103.69832754842358,1.0
43309,2545,Hillbrooks,1.35871024095534,103.7619941010074,1.0
70349,2540,Bef Lor Bakar Batu,1.32598493140196,103.8744746944284,1.0
18109,2538,Opp PSB Science Pk Bldg,1.29403436577434,103.7867259978904,2.0
21041,2536,Aft Jln Terusan,1.3209197220107,103.72012027797446,1.0
43741,2528,Bt View Sec Sch,1.34650419288551,103.75185667801937,1.0
18329,2516,University Health Ctr,1.2989244439988,103.77611416701257,1.0
29139,2515,Opp Foh Foh Pte Ltd,1.30295846509397,103.75137448307608,1.0
43267,2514,Hillview Hts,1.36131333302001,103.76453111102046,1.0
45031,2511,Yew Tee Ind Est,1.39623361717149,103.75421868895825,1.0
22539,2497,Jurong West Pr Sch,1.33919523713654,103.69838678279568,1.0
7571,2495,SUNSHINE PLAZA,1.30063444632288,103.851140093146,2.0
44999,2491,Bef Yew Tee Flyover,1.391239722,103.7545111,1.0
57059,2488,Opp Sembawang Air Base,1.41472777811863,103.82356549744377,1.0
46301,2478,,,,
67331,2477,Blk 200B,1.38676807101072,103.89252149146468,2.0
24269,2476,,,,
24041,2474,Opp Pasir Laba Camp,1.33035313055333,103.67499316670492,1.0
46901,2474,Blk 15,1.4479841829065,103.80951476110356,1.0
70341,2474,Tannery Blk,1.32626471325242,103.87490379761162,1.0
46311,2470,,,,
58449,2465,,,,
21501,2464,,,,
51049,2464,SLF Cplx,1.3338213150365,103.83795811295674,1.0
19021,2461,SP SMA,1.30965490194051,103.7812018067838,1.0
70079,2458,Aft Regent Motors,1.33372166698373,103.89851833301576,2.0
99039,2458,St. George Chapel,1.38768581439487,103.98202131073424,2.0
43301,2453,Opp Hillbrooks,1.35900254167529,103.76206438472948,1.0
83239,2444,Opp Cheviot Hill,1.3169597007985,103.92246139079548,1.0
20289,2441,The Japanese Sec Sch,1.31248801817062,103.75503415636196,2.0
42131,2437,Aft Lantana Ave,1.32858335781449,103.79421797943384,2.0
14521,2434,Village Hotel,1.256432,103.820911,1.0
11301,2430,Hse No. 578,1.31803972093441,103.78790067716272,2.0
71141,2426,Blk 3023,1.32917333299413,103.89706805602556,1.0
28369,2426,Opp Jurong Lake,1.34449722197147,103.72747138899736,1.0
46721,2425,Bef W'Lands Ind Pk E7,1.45248916519346,103.80178758846796,1.0
47091,2413,Bef Senoko Cres,1.4645966256977,103.80602561139148,2.0
76431,2409,BLK 333,1.353726389,103.9612131,2.0
21239,2403,Opp Blk 203,1.34450482589547,103.71633035405124,1.0
77379,2401,Blk 586,1.374679,103.948026,2.0
40079,2400,Bef Swiss Cottage Est,1.3197216415795,103.8299145659947,2.0
47099,2399,MASTERDON,1.46400708429355,103.80529911397456,1.0
12141,2397,Opp Henry Pk,1.31574389841394,103.78239154819084,1.0
25549,2394,,,,
14101,2392,Opp Keppel DP Blk 517,1.26837500002503,103.82825805600972,1.0
32031,2386,Opp Ama Keng Rd,1.40270299424992,103.70078174769526,1.0
67291,2384,Renjong Stn Exit B,1.38717956363215,103.88971793853818,2.0
97061,2384,Changi Baptist Ch,1.36590356071338,103.975349664689,2.0
97141,2380,Aft Upp Changi Rd Nth,1.35231360645922,103.96793511086432,1.0
71149,2376,Blk 3024,1.32886553888796,103.89713767691656,2.0
32039,2375,Aft Ama Keng Rd,1.40251788786303,103.70081478116067,1.0
45339,2372,,,,
62109,2366,Aft Upp Serangoon Rd,1.34374111656683,103.87380734555012,1.0
66599,2365,,,,
20151,2363,Opp Blk 411,1.31829668687275,103.74631047251556,2.0
75409,2362,THE SANTORINI,1.35220181029011,103.92724068972524,2.0
59729,2357,Opp Blk 816,1.41113811897325,103.83350299996852,1.0
10431,2356,ENABLING VILLAGE,1.287195,103.813984,1.0
72159,2353,OPP AUTOBAY @ KAKI BT,1.340359,103.912709,2.0
67651,2353,Bef Sengkang West Rd,1.389341,103.871222,1.0
24259,2351,,,,
11561,2347,Blk 166,1.29107396045212,103.80247592924285,1.0
96029,2347,Expo Halls 1/2/3,1.33371794723789,103.95679798964366,1.0
66399,2347,Opp Lor Chuan Stn Exit B,1.35148729748638,103.8632462430678,1.0
63169,2346,Opp Serangoon Swim Cplx,1.35703664863271,103.87567788589342,1.0
19079,2343,Dover Ct Intl Sch,1.30607,103.780131,1.0
56199,2343,Aft Thomson Hills Dr,1.37892333298882,103.83003638899947,1.0
10459,2343,Blk 72,1.28754723360397,103.81639920301684,1.0
13179,2336,Cliveden At Grange,1.29925749997453,103.82665250000116,1.0
30099,2331,Opp Chengtai Nursery,1.37972159795466,103.73122812228895,1.0
43749,2318,Opp Bt View Sec Sch,1.34661217154358,103.75163638787583,1.0
10441,2317,Opp Blk 44,1.28656898930199,103.8116061687213,1.0
12169,2316,Pandan Valley,1.31916549240365,103.77724170687917,1.0
68051,2314,Bef TPE,1.39955011852479,103.87232065200855,1.0
64519,2313,Blk 943,1.37380837246167,103.88110955631063,1.0
40249,2313,St. Joseph'S Instn,1.3249247219882,103.82735055603024,1.0
25791,2308,BEF TUAS STH AVE 10,1.28202,103.636126,1.0
57051,2308,Aft Sembawang Air Base,1.415206,103.8233905,2.0
75501,2307,Blk 604A,1.361552,103.934734,1.0
44011,2305,Opp The Linear,1.37448606693865,103.76257120089846,1.0
3411,2299,Opp Marina Sth Pier Stn,1.27159299884076,103.86300900488229,1.0
83371,2298,Aft Jln Paras,1.32624566683557,103.91537946119738,1.0
21169,2296,Opp Blk 216B,1.35074356093462,103.71275812568066,2.0
28421,2294,,,,
25711,2294,OPP THE INDEX,1.288627,103.625073,1.0
40311,2290,Blk 439C,1.35730456918268,103.73890781029746,1.0
17311,2287,Opp Blk 801C,1.30101698629873,103.76229444678326,2.0
93119,2285,Aft Elite Pk Ave,1.31431984916508,103.92298221289045,1.0
91079,2275,Aft Tg Katong Rd,1.3013063985688,103.8952666584497,1.0
96319,2275,Yusen Logistics,1.33311988623192,103.96095897791456,2.0
46729,2272,Aft W'Lands Ind Pk E7,1.4521571470745,103.80223070821164,2.0
20241,2272,Opp Blk 54,1.32116277513743,103.73638362986378,1.0
49109,2257,Kranji Wtr Reclam Plt,1.42885154471804,103.75622617449282,2.0
14529,2248,Opp Village Hotel,1.253226,103.821217,2.0
13209,2245,Opp British High Comsn,1.3040310710651,103.82205605505206,1.0
54641,2241,,,,
66251,2235,,,,
97149,2233,Aft VICOM,1.35180572395974,103.96795596081698,1.0
11339,2231,Dynasty Lodge,1.32398638897489,103.79204722198944,1.0
29149,2231,Senkee Logistics Hub,1.30169278947484,103.7484455108314,1.0
29089,2227,Swanson Plastics,1.30146754204298,103.75270485878043,1.0
28269,2222,Blk 118,1.33653242651923,103.73499280022456,1.0
83189,2222,Bef Bethesda Frankel Ch,1.31683972198045,103.91749277802164,2.0
48081,2221,Opp Upp Seletar Resvr,1.40542137548827,103.80892543786544,1.0
29071,2220,Gas Svc Intl,1.30422665161292,103.75179382878862,1.0
67711,2219,Bef Sengkang Fire Stn,1.38013294516415,103.8947798896038,1.0
93111,2218,Bef Elite Pk Ave,1.31451280258696,103.92278173877762,1.0
73041,2208,ST Aero,1.35049911274132,103.89882183551578,1.0
1109,2207,Queen St Ter,1.30358577565355,103.85650372998224,1.0
70071,2203,Cycle & Carriage,1.33377161253401,103.89841293744438,1.0
54491,2200,Aft CTE,1.37717165299187,103.86010323265268,2.0
48011,2199,Opp Mandai Camp 2,1.41053605692452,103.77449402303928,1.0
52241,2196,Bef Caldecott Stn/Savh,1.33804611111505,103.8389949999753,1.0
28699,2188,Opp Uni-Tech Ctr,1.33566850623054,103.75723501585756,1.0
43289,2187,Mont Botanik Residence,1.35736881542526,103.76144116190218,1.0
42201,2186,Bef Toh Tuck Rise,1.33939353535638,103.76383096590918,1.0
66231,2182,,,,
16141,2179,Tentera Diraja Mque,1.29786833526113,103.769595236506,1.0
83209,2179,Aft Frankel Terr,1.31870305598811,103.91459583301028,2.0
22531,2177,Opp Jurong West Pr Sch,1.33922673310366,103.6981437537688,2.0
67641,2177,,,,
22229,2162,Bef Pioneer Rd Nth,1.32764334311,103.6988746838078,1.0
45581,2161,,,,
58441,2160,,,,
25111,2159,Aft Tuas Ave 10,1.33239888543698,103.64981610844488,2.0
80301,2154,Bef Blk 19,1.31643329020681,103.87348616263844,1.0
24381,2153,,,,
52029,2151,Blk 1004,1.34359918269745,103.84736537931644,1.0
57061,2151,Dieppe Barracks,1.419905,103.8245465,2.0
43961,2133,AFT DAIRY FARM HTS,1.364838889,103.7729861,1.0
10451,2127,Opp Blk 71,1.28762380319765,103.8172559639682,1.0
55041,2127,Aft AMK St 64/Apple SG,1.39122406741106,103.84602799523668,2.0
45201,2123,Opp Police Tactical Trg Camp,1.41047253271791,103.76582403754684,1.0
40441,2122,Blk 238,1.36187,103.73349,1.0
68059,2118,Aft TPE,1.39978638898633,103.87243527803194,1.0
51119,2107,Bef Andrew Rd,1.34014305601694,103.83257583298696,1.0
48071,2104,Mandai Crematorium,1.41176331480418,103.80578610823426,1.0
54051,2101,Bef Ang Mo Kio Ave 5,1.376558,103.844964,2.0
21629,2098,,,,
43399,2095,Opp Blk 120,1.35066714575721,103.74808875836682,1.0
44019,2094,The Linear,1.37651095528157,103.7625299525816,2.0
40439,2092,Opposite Blk 236A,1.3611,103.731,1.0
21519,2092,Amoy Canning,1.33295908040191,103.71129155158584,1.0
92191,2090,Opp CP C3,1.30244833118536,103.91471180502236,1.0
90019,2087,Pk Shore Condo,1.29697091533768,103.86961360282372,1.0
45099,2081,Aft Jln Bumbong,1.41341731294698,103.75591307485898,1.0
11289,2078,Opp Tan Boon Chong Ave,1.31618891387774,103.78904342517946,2.0
64219,2077,Aft Defu Ave 2,1.36194642289744,103.8983671978148,1.0
58451,2061,Aft Heavy Veh Pk,1.46002660309429,103.81537241523831,1.0
96249,2060,Builders Ctr,1.32823969887083,103.96653156328908,1.0
75611,2059,,,,
72151,2056,AUTOBAY @ KAKI BT,1.34084789558521,103.91301810001244,1.0
65709,2056,Before SIT Punggol,1.411316,103.910496,1.0
97201,2055,Opp Changi Chapel Museum,1.36265900778926,103.97370278833512,2.0
59011,2040,Bef Sg Seletar Bridge,1.401439,103.827464,1.0
23301,2037,,,,
41169,2034,Bef Kheam Hock Rd,1.33507722199373,103.82011297432192,1.0
59019,2028,Aft Sg Seletar Bridge,1.403681,103.82751,2.0
58179,2022,Opp Sembawang Corp Industries,1.45855645310428,103.82350997035716,2.0
48021,2018,Aft Mandai Lake Rd,1.41091935719422,103.7794566466511,1.0
12149,2015,Henry Pk,1.31576900455367,103.78266099158458,1.0
83063,2013,The Buddhist Union,1.32120137837522,103.91485250081531,2.0
16109,2000,The Alpha,1.28911169277414,103.77950843257454,1.0
11449,1993,Blk 37B,1.29840527801842,103.79760333302292,1.0
41151,1988,Aft Sime Rd,1.33799972901638,103.81931795640678,2.0
52011,1986,Opp Raffles Girls' Sch,1.34504127313408,103.84263401771712,2.0
82229,1986,Kg Ubi CC,1.31753161766428,103.90052963468462,2.0
59541,1985,Sree Maha Mariamman Tp,1.42363018656288,103.83018072233916,2.0
43969,1974,BEF DAIRY FARM HTS,1.36463,103.7725931,1.0
25119,1974,Bef Tuas Ave 10,1.33212638903277,103.64991694402984,1.0
93101,1970,Aft Coldstream Ave,1.31261779524488,103.91989561129016,1.0
45171,1965,Sri Arasakesari Sivan Tp,1.40600808717869,103.75535627770704,1.0
58399,1964,Opp Blk 303,1.44399912458783,103.822564665947,2.0
21409,1964,,,,
5651,1963,Opp Fuji Xerox Twrs,1.273218611,103.8430731,2.0
49251,1962,TimMac @ Kranji,1.437161,103.756171,2.0
56289,1961,,,,
65499,1959,,,,
97069,1958,Lloyd Leas Work Rel Camp,1.3651566598248,103.9752874368773,1.0
55211,1958,,,,
24631,1951,,,,
75391,1948,OPP SILTRONIC,1.37507,103.9213,1.0
53319,1940,,,,
48141,1938,Opp Mandai Crematorium & Columbarium,1.41557085636805,103.8094962642582,1.0
93149,1937,Seaside Residences,1.30742050291938,103.9278209209607,1.0
24549,1937,,,,
67729,1936,Opp The Rivervale,1.37948933048443,103.8987256695176,1.0
25571,1935,,,,
26251,1934,Bef Tuas Sth Ave 2,1.31744784261205,103.62972683501113,1.0
84581,1933,Opp Bedok Sth NPC,1.3238068248883,103.91945047474212,2.0
65449,1933,,,,
18321,1927,Opp University Health Ctr,1.29879333297449,103.77561916702604,1.0
21469,1927,,,,
28261,1925,Aft S'pore Science Ctr,1.33614236992322,103.73489878344924,2.0
11541,1925,Opp Queens,1.29235984013148,103.80578500139798,1.0
26151,1922,Tuas Lot,1.32452998769194,103.64252271521325,1.0
28199,1918,,,,
11359,1913,Opp Blk 13,1.30931022636473,103.78968608347115,2.0
96089,1913,Opp Grace Independent Ch,1.33646502628787,103.95594670662864,1.0
45091,1899,Opp Jln Bumbong,1.41421866753882,103.75523144616068,1.0
83201,1899,Bef Frankel Terr,1.31860774070821,103.9144098758664,1.0
26389,1899,Bef Tuas Sth Ave 5,1.29055080908937,103.62453377233186,1.0
22179,1897,Secura S'Pore,1.33000472340216,103.6966590690515,1.0
74031,1897,Bef Tampines Lk,1.367627,103.925697,1.0
99101,1895,Govt Chalets,1.39138333298306,103.98170083301017,1.0
67299,1894,Renjong Stn Exit A,1.38683575602542,103.88973216030708,1.0
55219,1891,,,,
83149,1891,Aft Changi Rd,1.31745755005277,103.90875486321198,1.0
59549,1890,Opp Sree Maha Mariamman Tp,1.42313912325939,103.830526057113,1.0
27421,1885,Blk 701,1.3428341669778,103.69536361096888,1.0
25591,1884,,,,
31031,1881,Civil Defence Acad,1.36598890667515,103.69327324255713,2.0
84691,1881,,,,
68149,1880,ST Aerospace,1.41891604556531,103.86279700000912,2.0
3539,1878,Marina Bay Stn,1.2775330547661,103.85561610012866,1.0
24431,1874,,,,
64159,1870,Bef Greenwich Dr,1.36751138265993,103.9099923734176,2.0
96021,1868,Opp Expo Halls 1/2/3,1.33397805603359,103.95663722202136,2.0
20309,1865,,,,
47661,1865,,,,
83261,1862,Opera Est Pr Sch,1.3190690667828,103.9242469847813,1.0
55239,1860,Sbst Ang Mo Kio Depot,1.38699777800655,103.84804111102198,1.0
52019,1860,Raffles Girls' Sch,1.34403333300249,103.84368166701324,1.0
62081,1857,Opp Bartley Chr Ch,1.34384211984571,103.87773872280378,1.0
66531,1854,Opp Blk 531,1.37519277744949,103.87488352078606,2.0
43469,1849,Bef Bt Batok West Ave 5,1.35546802880026,103.74730862146367,2.0
26331,1843,Aft Tuas Sth St 2,1.30869957612651,103.63213426017336,1.0
57049,1842,Opp Nee Soon HQ 22 SIB,1.41082027802703,103.82233527798766,1.0
97111,1842,Bef Toh Cl,1.36331111102284,103.97038833297182,1.0
21049,1841,Bef Jln Terusan,1.32107250538852,103.72024520956326,1.0
21719,1840,Opp Blk 529,1.34779474567713,103.71507297402223,2.0
18309,1831,Blk S17,1.29752011664987,103.78134198615086,1.0
58579,1828,Gambas Ave,1.4415255,103.817029,1.0
21261,1824,AFT CHIN BEE AVE,1.33393514008105,103.7102508545148,1.0
55049,1820,Bef AMK St 64/Apple SG,1.39110547694961,103.84659281119058,1.0
97119,1818,Aft Toh Cl,1.36337227349683,103.96996378901376,1.0
51031,1815,S'pore Polo Club,1.33162906440184,103.83859992029566,2.0
92219,1813,Opp CHIJ Katong Convent,1.306522,103.916675,1.0
28709,1812,Bef Old Toh Tuck Rd,1.331639972025,103.75734406053928,1.0
23051,1812,Bef Kian Teck Rd,1.33168972198862,103.68928138898715,1.0
48089,1809,Upp Seletar Resvr,1.40560991243809,103.80795339830529,1.0
80309,1807,Aft Geylang West CC,1.31723134728621,103.87298911852837,1.0
53311,1798,,,,
58249,1797,Blk 309,1.44711722202289,103.8211855559986,1.0
22199,1797,Opp Soon Lee Depot,1.33102248150132,103.69847431049809,2.0
49111,1794,Aft Jln Lam Huat,1.43245972200669,103.75543333298812,1.0
48149,1790,Mandai Crematorium & Columbarium,1.41521080481899,103.80907903666171,1.0
31039,1790,Opp Civil Defence Acad,1.36563783980926,103.69330818055283,1.0
49219,1788,Opp PUB Quarter,1.43853758245996,103.7356230093544,1.0
67741,1787,,,,
18301,1786,Lim Seng Tjoe Bldg (LT 27),1.29738521493261,103.7809269856724,1.0
51131,1781,Opp Braddell View,1.34429,103.839394,2.0
64091,1780,,,,
97009,1777,Changi Business Pk Ter,1.34188800000174,103.96713700000154,1.0
43091,1774,Bef Cashew Stn,1.36863253283887,103.76474109358476,1.0
22309,1770,Aft Fan Yoong Rd,1.33326999997395,103.7033808329889,1.0
67721,1764,The Rivervale,1.37971349716278,103.89819238601864,1.0
59229,1760,Yishun Ind Pk A,1.43901589576688,103.83416399362906,1.0
75381,1754,T5@TAMPINES,1.373188889,103.9266,1.0
83219,1753,Bef Frankel Ave,1.31587375170111,103.9191305648774,1.0
66161,1749,,,,
12139,1748,Aft Mt Sinai Lane,1.31453185933289,103.78504157068625,1.0
22281,1741,Aft Soon Lee Rd,1.32849264291843,103.70375258407392,1.0
43071,1738,Opp Dairy Farm Rd,1.36511351504744,103.76698012950052,1.0
44171,1738,Bef Bt Batok West Ave 5,1.36801215768924,103.74704828649467,1.0
72131,1738,OPP TECH VIEW,1.33791126455323,103.90994099232344,1.0
22011,1735,Bef Jurong Hill,1.32129797964322,103.7077550377112,1.0
11309,1733,Hse No. 589,1.31862443850443,103.78842993526158,1.0
66261,1732,,,,
44941,1723,OPP BLK 502,1.388198,103.744284,1.0
14071,1722,Keppel Workshop,1.27220342411953,103.8339025862589,1.0
11609,1719,Blk 163,1.29188972202709,103.80212194401808,1.0
97091,1719,Bef Selarang Way,1.37304817069239,103.97614190842204,2.0
99129,1718,Village Hotel Changi,1.3900050122734,103.98675461297464,1.0
11379,1716,Buona Vista Ter,1.30917002463976,103.79236323128612,1.0
48069,1709,Aft Mandai Ave,1.41601156056508,103.80203473964004,1.0
62099,1701,Gambir Ridge,1.34412749517611,103.87562115587856,2.0
48051,1697,Mandai Agrotech Pk,1.41529381857807,103.79737495337396,1.0
24341,1693,,,,
11441,1684,Blk 58,1.29780416697573,103.79754055603178,2.0
75019,1680,Tampines Concourse Int,1.35737133106172,103.9416488042812,1.0
66181,1680,,,,
54599,1679,,,,
25121,1678,Aft Tuas Ave 8,1.33060763294167,103.651696635235,2.0
16101,1672,Inst Of Micro-Electronics,1.28923831874246,103.77969239279668,1.0
42299,1667,Aft Toh Tuck Cres,1.3373703046187,103.76447557607712,1.0
96011,1666,Bef Simei Ave,1.33167675245972,103.9535299850262,2.0
99109,1661,Opp Govt Chalets,1.39120638899594,103.98181999999792,1.0
64151,1659,Aft Greenwich Dr,1.36812309444086,103.90984810962767,1.0
22551,1656,,,,
67061,1653,Aft Jln Selaseh,1.38580333301583,103.8753413890144,2.0
51109,1651,Opp Old Police Acad,1.32709277800856,103.8397080559738,1.0
73031,1651,Aft Tampines Ind Dr,1.37606329708152,103.920020388391,1.0
96019,1649,Aft Simei Ave,1.33138833299802,103.95370361097966,1.0
29081,1645,Franklin Offshore,1.30177859797596,103.75284433363814,1.0
22169,1643,Aft Intl Rd,1.32624542877841,103.6966157738775,1.0
43461,1643,Aft Bt Batok West Ave 5,1.35504665794029,103.74749372345552,1.0
93109,1638,Bef Frankel Pl,1.31278666699062,103.91998638901408,2.0
13041,1636,Aft Camp Rd,1.30242834318416,103.81967634723284,1.0
54591,1635,,,,
11319,1633,Opp Hse No. 516,1.3203063798654,103.78959970624804,1.0
22549,1632,,,,
23061,1631,Aft Kian Teck Rd,1.329527778021,103.68652222202904,1.0
23049,1631,Jurong Camp,1.33410764081742,103.69061140570352,2.0
28189,1630,Aft Toh Tuck Lk,1.32992124735954,103.75850603827898,1.0
59781,1629,Aft Yishun Ave 6,1.4232168633454,103.85125812567784,2.0
59661,1627,Blk 932,1.42631491614237,103.83762861110566,2.0
54511,1617,,,,
67309,1615,Opp Blk 305 CP,1.38813799869207,103.88759103191384,1.0
75541,1612,,,,
25761,1612,OPP REC S'PORE,1.275062,103.624222,1.0
45589,1612,,,,
27069,1612,Blk 41,1.35008972199881,103.68418444402792,1.0
66521,1606,Ban Teck Han Bldg,1.37522304448462,103.87393140656636,2.0
21499,1605,,,,
22271,1603,Bef Kwong Min Rd,1.32924582821916,103.7001114570651,1.0
62169,1597,Blk 426,1.34763166701234,103.8764688890183,1.0
43452,1594,AFT BT BATOK WEST AVE 3,1.348526111,103.7385769,2.0
58039,1593,Bef Canberra Dr,1.4467419,103.8258,1.0
65689,1589,Aft Northshore Cres,1.418378,103.907847,1.0
21259,1589,Aft Quality Rd,1.33604134949327,103.71043700168366,1.0
64141,1586,Aft Jln Telawi,1.36467309909964,103.90820496724626,1.0
55221,1583,Aft Ang Mo Kio St 62,1.38779002795173,103.84621115886938,2.0
28011,1582,BEF TOH TUCK AVE,1.32425805601593,103.7591472219987,1.0
65381,1575,,,,
22171,1570,Opp Secura S'pore,1.32954166703099,103.69637694399476,2.0
80291,1566,Blk 82,1.3195596877041,103.87229334189442,1.0
83271,1564,Aft Swan Lake Ave,1.31928964158986,103.92588543589488,1.0
22219,1563,Aft Neythal Rd,1.32764556072381,103.70260743188996,1.0
24129,1563,Opp Yeow San Pte Ltd,1.32614180600676,103.66987144292962,1.0
67429,1562,Cheng Lim Stn Exit A,1.39637340662334,103.89381749259768,1.0
21529,1561,Aft Third Chin Bee Rd,1.3340830392462,103.71509707566638,1.0
3419,1560,Marina Sth Pier Stn,1.27127698470973,103.86297693157816,1.0
42209,1558,Aft Toh Tuck Rise,1.33914661405948,103.76363595867412,1.0
93199,1557,Bef Seaside Residences,1.30794833296674,103.92628500000932,1.0
17331,1553,Opp Blk 518,1.30758833300768,103.75833111102288,2.0
21099,1541,Jurong Island Checkpt,1.31014377264327,103.71110346092364,1.0
22221,1538,Aft Pioneer Rd Nth,1.32790916071437,103.69785686002558,1.0
41161,1536,AFT KHEAM HOCK RD,1.335063889,103.8187389,2.0
55229,1535,Bef Ang Mo Kio St 62,1.38851043039698,103.84591573293088,1.0
77091,1534,AFT PASIR RIS AVE,1.38042637835149,103.94547139015036,1.0
21509,1528,,,,
21461,1526,,,,
74039,1524,Aft Tampines Ind Ave 2,1.367076,103.925908,2.0
40449,1522,Blk 324B,1.3622,103.7335,1.0
42291,1522,Opp Toh Tuck Cres,1.33769605916429,103.76430234507968,1.0
67431,1514,Opp Blk 291A,1.39521359607395,103.89739500115256,1.0
97209,1514,Changi Chapel Museum,1.36229421254534,103.97331639977372,1.0
66549,1510,Opp Blk 980C,1.38029830580566,103.88167284722846,1.0
67069,1506,Bef Jln Selaseh,1.385515,103.875233,1.0
12131,1503,Aft Grove Ave,1.3141594439742,103.785061666981,1.0
46169,1503,,,,
3371,1502,Gdns by the Bay,1.28066479303461,103.86626955523418,1.0
84589,1502,Bef New Upp Changi Rd,1.32311277295983,103.91954371811282,1.0
67161,1500,Opp Blk 101,1.38212499997742,103.89926833301192,1.0
44831,1499,BLK 519,1.387891389,103.7657931,2.0
55319,1497,Yio Chu Kang Stadium,1.38408669861968,103.84678260704942,2.0
66221,1492,,,,
16139,1491,Bef Kent Ridge Ter,1.29537944399618,103.76974861100446,1.0
67991,1484,Opp Blk 461B,1.395245,103.871524,1.0
54521,1479,,,,
90051,1476,Opp S'pore Swim Club,1.297659444,103.8791731,1.0
21491,1471,,,,
22061,1469,,,,
97159,1466,Bef Vicom,1.35028972565622,103.96769101118204,1.0
44179,1463,Aft Bt Batok West Ave 5,1.36783174007175,103.74735822064176,1.0
21151,1463,CWT Distripark,1.3169920318205,103.71988944330612,1.0
83251,1462,Bef Jln Khairuddin,1.31923829366992,103.92199914721093,1.0
73039,1460,Bef Tampines Ind Dr,1.37605781654383,103.919840609252,2.0
97101,1457,Bef Jln Mariam,1.36321195503241,103.96739806471844,1.0
24369,1453,,,,
26311,1443,Aft Tuas Sth Ave 6,1.30228826515768,103.62978115947504,1.0
83229,1440,Bef Carlton Ave,1.31661259109687,103.92083645128876,1.0
29111,1437,Transerve,1.30002583301409,103.74685194400728,1.0
25209,1436,Bef Tuas Rd,1.31930805600666,103.65880916700372,2.0
22299,1433,Bef Soon Lee Rd,1.33068833434452,103.70177410483808,1.0
18319,1431,Opp University Hall,1.29752638901257,103.77813111102236,1.0
80191,1430,Opp S'pore Indoor Stadium,1.30160887226464,103.87540590231112,1.0
58431,1430,,,,
25651,1426,,,,
71221,1425,Meiban Ind Bldg,1.32632177179998,103.89318347862556,2.0
65639,1423,Bef Punggol Pt Stn,1.41755237944481,103.90530849057907,1.0
70329,1421,Aft Kallang Way 2,1.32229748021835,103.87682676312598,1.0
52119,1417,Opp Blk 65,1.32782675894568,103.8581076205424,1.0
25201,1415,Aft Tuas Rd,1.31926000001423,103.65870833303144,1.0
97089,1410,Opp Selarang Pk Drug Reh.,1.3708213292446,103.98008108137569,1.0
16021,1402,Opp Gloria Mansion,1.28625793147796,103.779810276938,1.0
23221,1399,Aft Gul Way,1.30896659624814,103.67178095052478,1.0
45179,1399,Sri Arasakesari Sivan Tp,1.40606366967223,103.75520214111528,2.0
98081,1396,Aft Jln Batalong,1.36189974501014,103.96453090144485,1.0
96081,1395,Grace Independent Ch,1.33650217158472,103.95548614472102,2.0
48079,1393,Opp Mandai Crematorium,1.41314885322808,103.805294456727,1.0
84161,1392,BLK 3,1.321651111,103.9324025,2.0
28019,1388,Aft Toh Tuck Ave,1.32492720506757,103.75894333173954,2.0
41141,1379,Aft Adam Dr,1.33489306619804,103.8179610115224,2.0
16199,1378,Aft Architecture Dr,1.29639303583424,103.77072917887465,2.0
26279,1376,Aft Tuas Sth Ave 4,1.31133425245546,103.6278418960082,1.0
24541,1369,,,,
64149,1369,LP 137,1.36508805596971,103.90890305599302,2.0
68141,1367,Opp JTC Aviation Two,1.42043301652737,103.86347697141191,1.0
41159,1366,Aft Lornie Wk,1.33870170002583,103.81989450001056,1.0
49129,1366,Lip Guan Ind,1.43487511854102,103.75521112659418,1.0
65579,1363,,,,
46891,1362,Jordon Food Ind,1.44823908984273,103.80703539255816,1.0
49211,1362,PUB Quarter,1.43868741216241,103.7350959713107,1.0
23011,1354,Carrier Transicold P/L,1.32240518497889,103.69250829071932,1.0
21059,1352,Aft Penjuru Rd,1.311953889,103.7301381,1.0
26221,1348,Opp YLS Steel,1.29324977797865,103.63700231055886,1.0
56061,1345,Aft Tagore Dr,1.385154,103.822865,1.0
56249,1342,,,,
18201,1342,Mediacorp Campus,1.29498098725808,103.7932287526945,1.0
64169,1338,Opp Schenker,1.37131499866835,103.91146527121292,2.0
65681,1337,Bef Northshore Cres,1.418239,103.907934,1.0
10419,1336,Blk 52,1.28842024220748,103.81257549749508,1.0
24289,1333,,,,
30011,1327,Tengah Air Base,1.37367799480239,103.71422567942253,2.0
17359,1325,Bef Clementi Rd,1.29333722200355,103.7662175000262,1.0
11281,1324,Aft Tan Boon Chong Ave,1.31622694399746,103.78852194399074,1.0
72139,1322,TECH VIEW,1.337282,103.909145,2.0
16029,1312,Gloria Mansion,1.28608472200879,103.78022138902948,2.0
59509,1311,Opp Blk 871,1.41252120911526,103.83794497908777,1.0
58459,1310,Bef Heavy Veh Pk,1.45994030687762,103.81514063371952,1.0
62161,1309,St.Gabriel's Sec Sch,1.34750333302055,103.87601972203169,1.0
44839,1309,West Spring Pri Sch,1.38855,103.7662,1.0
23069,1300,Bef Kian Teck Rd,1.32989950511553,103.68582019131011,2.0
22019,1298,Aft Tractor Rd,1.32202402246272,103.7071133033833,1.0
16241,1297,Bef West Coast Pk,1.28910305603308,103.773526110968,2.0
15099,1295,Natl Leadership Inst,1.28305620100972,103.78789349372823,1.0
12189,1294,Bef Mt Sinai Dr,1.31642693680141,103.78022402243116,1.0
22431,1292,Opp Fei Siong Group,1.33308242562379,103.70742208599415,1.0
48029,1287,Bef Mandai Lake Rd,1.41056509187543,103.7796855398714,1.0
11259,1285,Opp Blk 21,1.31119887945564,103.79274002213415,1.0
24229,1280,,,,
83281,1274,Bef Tosca St,1.31965172299504,103.9270176945798,1.0
71189,1274,Paya Lebar Air Base,1.34494057674135,103.89909457528678,1.0
29129,1272,Clp Intl,1.30639194302217,103.73949183679694,1.0
58031,1269,Opp Canberra Dr,1.4462869,103.8250487,2.0
67519,1268,Opp Blk 121E,1.38565333297959,103.9062883329725,1.0
34009,1268,Police Coast Guard,1.44482656088302,103.70756734461295,1.0
26451,1267,Bef Tuas Sth Ave 5,1.29689770170555,103.62977787735204,1.0
96071,1260,Opp ITE Coll East Tec Blk,1.33552793998608,103.9532750845244,2.0
44911,1259,BLK 450,1.3848475,103.772859,2.0
80269,1256,Bef Sims Ave,1.31501452983156,103.8783609867014,1.0
17339,1255,Blk 518,1.30785722199073,103.75850472198644,1.0
24029,1254,Mazak S'pore,1.3224709639188,103.67132658072524,2.0
44061,1248,Bef Yew Tee Flyover,1.38792499938306,103.7553863903753,1.0
66151,1248,,,,
24179,1245,,,,
84169,1245,OPP BLK 3,1.322133056,103.9321144,1.0
65429,1238,,,,
56069,1237,Bef Tagore Dr,1.38530499508514,103.82320879865532,1.0
25171,1235,Becton Dickinson Med,1.32546645428693,103.65711196773576,2.0
21291,1228,,,,
20061,1228,Aft Jurong Town Hall Rd,1.32380614051658,103.74298566424716,2.0
16121,1228,Galen,1.28651130049582,103.78345136824991,1.0
23131,1228,MES Logistic Hub,1.32537111100949,103.684046944028,1.0
16249,1220,Bef Wholesale Ctr,1.28928277099215,103.7740068298898,1.0
59221,1216,Opp Yishun Ind Pk A,1.43902299324239,103.83502785005078,1.0
96099,1215,Aft Upp Changi Rd East,1.33666533266027,103.95786100711896,1.0
11311,1208,Hse No. 532,1.31989638898836,103.78918694402276,2.0
18311,1205,Blk S12,1.29743814797617,103.77792133383952,1.0
21021,1204,Bef Jurong Port Rd,1.32419322170223,103.72379008890384,2.0
68129,1202,Aft West Camp Rd,1.40606522969086,103.86016462232044,2.0
27479,1201,Opp Corporation Pr Sch,1.3518923433776,103.708182617674,1.0
93189,1198,Opp Victoria JC,1.30365171489985,103.91955288064976,1.0
58439,1198,,,,
25129,1194,Aft Tuas Ave 6,1.32994444402601,103.65226388900422,1.0
96401,1192,Honeywell Bldg,1.33678578456278,103.96599671694322,1.0
24539,1192,,,,
21159,1191,Sin Soon Huat,1.31868562417111,103.72042922086165,1.0
96241,1181,LAGUNA NATL COUNTRY CLUB,1.32746975992942,103.96702744644506,1.0
55311,1180,Opp Yio Chu Kang Stadium,1.38430357836038,103.84683966636786,1.0
59669,1180,Opp Blk 932,1.42623639393056,103.83784276257872,1.0
80299,1178,Opp Blk 82,1.31954835158003,103.87197222899434,1.0
93179,1176,CP D3,1.30480179616528,103.92345623316808,1.0
21359,1175,AFT ST KINETICS,1.33867010260834,103.7099597309989,1.0
49029,1172,Sit Ley Timber,1.41359128228018,103.75189550271324,1.0
65441,1169,,,,
77109,1166,Aft Pasir Ris Rd,1.3805263866174,103.94826215873827,1.0
77101,1165,Bef Pasir Ris Rd,1.380642,103.948183,1.0
54469,1162,Opp Blk 649,1.3772016702489,103.84349683756662,1.0
23489,1162,Opp Molex,1.32759688194654,103.68048864270644,1.0
23031,1161,Bef Benoi Flyover,1.32239543114794,103.68099108399514,1.0
43761,1158,Opp Dulwich Coll,1.35079436745796,103.73765826692882,1.0
29159,1157,Aft Teban Gdns Cres,1.32532489846553,103.73750501985307,1.0
24531,1149,,,,
62179,1147,Blk 421,1.348559,103.874826,1.0
42139,1145,Ave Villa,1.32877805376848,103.7944440268283,1.0
25459,1144,Opp Tuas West St,1.33279999997118,103.63412166700834,1.0
24489,1142,Aft Joo Koon Way,1.32574395668742,103.67111058135131,1.0
26289,1142,Aft Tuas Sth St 2,1.30854575415228,103.62682065616312,1.0
23331,1138,,,,
22331,1135,Tg Kling Rd (End),1.30485847664917,103.70317916961058,1.0
21511,1134,Opp Amoy Canning,1.3331199693958,103.71107697488075,1.0
24681,1133,Opp Jurong Insp Ctr,1.31200874931979,103.65863348470845,1.0
21549,1132,Automotive Technology,1.33088280586201,103.71899585412748,1.0
74041,1129,Opp Golden Pagoda Tp,1.36850444400102,103.92978611099927,1.0
28691,1127,Wang-Fu Ind Pte Ltd,1.33565242851513,103.7574893400502,1.0
97129,1126,Bef Loyang Ave,1.36461847541947,103.96762195035996,2.0
26399,1119,Aft Tuas View Cres,1.28949499042217,103.627460343254,1.0
22071,1116,,,,
28309,1116,Intl Business Pk,1.32628627629778,103.74578490414557,1.0
99111,1115,Changi Golf Club,1.39175111102446,103.98415750002044,1.0
75509,1114,Opp Blk 604A,1.361373,103.934576,1.0
58209,1112,Aft Pakistan Rd,1.45524083298775,103.83062638903208,2.0
27471,1110,Corporation Pr Sch,1.35216655807357,103.70782478135614,2.0
44191,1108,Opp Blk 171,1.37879277619241,103.76702648572687,2.0
23441,1108,,,,
24619,1108,Opp Marinteknik,1.31113971951498,103.65260471956782,1.0
49021,1107,Whye Wah Devt & Constrn,1.41337474993907,103.75177016684296,2.0
97189,1103,SATS Maintenance Ctr 2,1.34674882374419,103.97146767080092,1.0
96331,1101,Strides Premier,1.33124389066562,103.96761886176331,1.0
67091,1100,Opp Blk 459B,1.392881,103.869086,1.0
71181,1097,Opp Paya Lebar Air Base,1.34332868665716,103.8989460984825,1.0
21541,1095,Aft Fourth Chin Bee Rd,1.33138075779669,103.71986360869532,1.0
25641,1093,,,,
20069,1092,Bef Jurong Town Hall Rd,1.32405636523113,103.74418793943124,1.0
71229,1092,Opp Meiban Ind Bldg,1.32623562632795,103.8933485973626,1.0
65419,1092,,,,
97109,1091,Aft Jln Mariam,1.36281875953495,103.96702623375788,1.0
49121,1088,Aft SMRT Buses Kranji Depot,1.43528737784327,103.75494271333446,1.0
45199,1082,Mandai Police Trg Camp,1.41035479540467,103.76322407621204,1.0
45349,1080,,,,
68121,1079,Bef West Camp Rd,1.40580853768965,103.85999518683651,1.0
21521,1079,PB Packaging Systems,1.33413893275864,103.71458530428906,1.0
25151,1064,Mercedes-Benz Logistics,1.32913728132074,103.65325524319752,2.0
24571,1060,Seng Heng Engrg,1.32367555849755,103.6690675022225,1.0
56241,1060,,,,
68151,1058,Bef Shell Aviation,1.42333311184046,103.86619112165944,1.0
24511,1058,GUL CIRCLE STN EXIT A,1.319446944,103.6608911,1.0
21331,1057,,,,
18159,1056,One-North Stn/Galaxis,1.3003468994065,103.78858368998314,1.0
24279,1055,,,,
73049,1055,Air Force Sch,1.35075966304764,103.89911545547028,1.0
64229,1053,Bef Defu Ave 2,1.36242315234874,103.90226237890847,1.0
51039,1047,Opp S'pore Polo Club,1.33165828742218,103.83888866147537,1.0
96271,1044,Opp Global Logistics Ctr,1.32913596796858,103.96366258799002,1.0
19069,1044,Opp Ayer Rajah Telecoms,1.30778758326419,103.77671170466876,1.0
57041,1042,Nee Soon HQ 22 SIB,1.41069268256433,103.82192312004506,2.0
21301,1041,,,,
29049,1038,LTH Logistics,1.3059832127393,103.73668670651573,1.0
68159,1036,Aft Shell Aviation,1.42306890210566,103.8662690737078,2.0
25219,1035,Aft Tuas Ave 2,1.32877104016653,103.65692226679496,1.0
24299,1030,,,,
70321,1027,Aft Kallang Way 1,1.32247982189668,103.87674093245458,1.0
93171,1023,Opp CP D3,1.30510333301496,103.9241758329893,1.0
64099,1022,,,,
23209,1022,,,,
25599,1016,,,,
40421,1012,Blk 220A,1.35938,103.729694,1.0
96341,1010,Aft Sunny Metal & Engrg,1.33276553471842,103.97037694441909,1.0
18151,1010,Opp One-North Stn/Galaxis,1.30051083054497,103.78864286195989,1.0
97121,1010,Bef Old Tampines Rd,1.36480128195808,103.96765175009288,1.0
92261,1010,Opp P/G @ Big Splash,1.29798119441776,103.9005182068836,1.0
45209,1010,Police Tactical Trg Camp,1.4099988110322,103.76653377102564,1.0
26089,1005,Bef Tuas Ave 20,1.32215171578031,103.63510021174817,1.0
26061,1004,,,,
21351,1003,BEF BOON LAY WAY,1.33882138642125,103.70956429008974,1.0
24621,1001,Aft Ocean Tanker,1.30797138899535,103.6497794440252,1.0
25161,997,Toyochem Ink,1.32735422944929,103.65510623174904,2.0
75401,995,AFT TAMPINES AVE 1,1.3517582770335,103.92671414169044,1.0
23321,990,,,,
70099,988,Traffic Police,1.33063155191578,103.89132142065272,2.0
24189,987,,,,
24609,987,Opp Progress Galvanizing,1.3134310373537,103.65475166394909,1.0
66519,986,Ang Mo Kio TechLink,1.3773461218142,103.87159967372142,1.0
19061,986,Ayer Rajah Telecoms,1.30752442673366,103.77782122462926,2.0
58201,981,Aft Queen'S Ave,1.45531234912714,103.8309899667324,1.0
29119,980,Comfortdelgro Engrg,1.30075962146214,103.74720096588952,1.0
95081,979,Changi Beach CP 5,1.38959028129733,103.99761693950214,1.0
29101,970,PPL Shipyard,1.29856077859667,103.74997666563225,1.0
22409,968,Bef Shipyard Rd,1.31014256556667,103.6974198986034,1.0
96311,965,BEF CHANGI STH ST 2,1.3329118846906,103.9607070021467,1.0
58079,965,Aft Jln Basong,1.45500446219905,103.8338121885662,1.0
46161,964,,,,
59809,963,Opp Blk 382C,1.431761,103.847993,1.0
70091,963,Opp Traffic Police,1.33071735944004,103.89091372491256,1.0
23169,962,Bef Kian Teck Rd,1.32768833297607,103.6886763890102,1.0
18211,961,Infinite Studios,1.29161816867907,103.79522263706237,1.0
57149,960,Aft Upp Thomson Rd,1.40236816337763,103.81689548453724,1.0
34059,953,Yishun Dairy Farm,1.44234338763128,103.7078689605441,1.0
28701,945,Aft Old Toh Tuck Rd,1.33149833298375,103.75773000000456,1.0
3579,943,Opp Downtown Stn,1.278832,103.852918,1.0
46049,943,Globalfoundries,1.43709,103.76476,1.0
15091,936,Opp Natl Leadership Inst,1.28290732015735,103.78781105381566,1.0
46139,934,Aft Riverside Rd,1.4461801595519,103.7772632603031,1.0
24331,933,Opp Hong Hang Bldg,1.30854833300657,103.66868333299612,1.0
68131,929,Opp Youth Flying Club,1.41460695862945,103.86188939696588,1.0
26429,929,Bef Tuas Sth Ave 9,1.28869749978137,103.63586909363458,1.0
97081,928,Selarang Pk Drug Reh.,1.37137551310062,103.97986770359049,2.0
65411,928,,,,
25609,927,,,,
83191,926,Bef Frankel Dr,1.31729916899357,103.91597628595028,1.0
25411,926,BEF TUAS TER,1.34387062081224,103.63830559259954,1.0
22081,923,,,,
13189,923,Bef One Tree Hill,1.30038166697497,103.82414749997376,1.0
23021,922,Aft Benoi Sector,1.32243595181684,103.6851860612218,1.0
68179,921,Aft Yishun Ave 8,1.42698397142724,103.8555032973658,2.0
10479,918,Aft Tanglin Rd,1.29668100002552,103.81547381025996,1.0
68109,916,Opp Rolls Royce Pte Ltd,1.40400332581506,103.86349233396736,2.0
46251,913,,,,
24639,906,,,,
29109,904,Opp PPL Shipyard,1.29874917121117,103.74969618348408,1.0
64161,903,Schenker,1.37190805558492,103.91142888889904,1.0
23229,902,Opp Gul Way,1.30868757581216,103.67180644651503,1.0
57069,895,Opp Dieppe Barracks,1.4189659270404,103.82460551333595,1.0
49069,891,Tropical Furniture Ltd,1.4264399252605,103.74887339054357,1.0
96091,891,Aft Upp Changi Rd,1.33683617019201,103.95794150619416,2.0
15211,888,Opp Pasir View Pk,1.27792442096507,103.78642808592168,2.0
21251,882,Bef Quality Rd,1.33624121368399,103.71034741400833,1.0
99089,882,Bef Cranwell Rd,1.38909485885165,103.97849220206042,1.0
24021,882,Meritor Heavy Veh Systems,1.32185257239826,103.67087977752024,1.0
24711,880,TUAS WEST RD STN EXIT B,1.329871,103.639994,2.0
68081,876,Bef Seletar A'Space Rise,1.40559323576727,103.86681241814271,1.0
29121,875,Opp Clp Intl,1.30670185792468,103.73955130573648,1.0
10411,874,Opp Blk 53,1.28912979528004,103.81280840030112,1.0
53309,872,,,,
98171,869,Opp SIA Supplies Ctr,1.38209408212027,103.97466838363384,1.0
96449,867,SUTD,1.33980186622645,103.96388189995498,1.0
26051,866,,,,
22319,864,Bef Enterprise Rd,1.33198138900019,103.70545250001828,1.0
24611,862,Bef Marinteknik,1.31085562935941,103.65254056553094,1.0
25611,861,,,,
55321,858,Opp Nanyang Poly,1.37836333298131,103.84722527801875,2.0
25601,856,,,,
45119,853,Kranji War Memorial,1.42181345656216,103.7559772935124,1.0
97151,852,Aft Changi Nth St 2,1.34957475260085,103.96705688688904,1.0
11469,851,Queensway Sec Sch,1.30113503392421,103.80188584326886,1.0
27171,851,Bef Lor Danau,1.35604565059158,103.6916825448322,1.0
25181,849,Bef Tuas Dr 1,1.32385296919519,103.65881324089644,2.0
18281,847,Opp Normanton Pk/R'ford,1.28752556916883,103.7912122154174,1.0
77099,847,Bef Pasir Ris Ave,1.38042138903141,103.94637916697368,1.0
24451,844,,,,
95171,842,Prologis,1.37462795179536,104.0020734051487,1.0
22559,841,,,,
13049,840,Bef Rochalie Dr,1.30261671321463,103.82045069624506,1.0
23109,839,Aft Third Lok Yang Rd,1.32468138902865,103.69068388898825,2.0
16111,837,Aries,1.28700981956328,103.7828311158184,1.0
99081,826,Aft Cranwell Rd,1.38939876912039,103.97862661282434,1.0
71339,825,OPP KAKI BT AUTOHUB,1.33681468016557,103.90112122053516,2.0
93181,822,Opp CP C4,1.30333972198999,103.91793277803112,1.0
46021,821,Bef W'Lands Ind Pk D St 2,1.42919861102901,103.76175138901188,1.0
68089,820,Aft Seletar A'Space Rise,1.40570196065228,103.86666745163518,2.0
43891,819,AFT DAIRY FARM CRES,1.363698889,103.7692319,1.0
23479,818,,,,
83269,818,Opp Opera Est Pr Sch,1.31895097253228,103.92346501346624,1.0
44919,813,Opp Blk 451,1.385493611,103.7727914,1.0
1349,813,Opp Blk 4,1.30568635716829,103.86543994417885,1.0
66011,812,Aft Braddell Rd,1.34716997902419,103.8599767808637,2.0
48109,811,Opp Meng Suan Rd,1.40220535791866,103.81401491687517,1.0
22059,806,Aft Buroh St,1.3136061110111,103.701262499978,1.0
45039,806,Opp Yew Tee Ind Est,1.39585817355572,103.75427816224408,1.0
67509,801,Opp Blk 119A,1.38409640027402,103.9043380418217,1.0
48101,799,Aft Meng Suan Rd,1.40241038608699,103.81439973574912,1.0
99161,798,Aft Changi Beach CP 3,1.39026180023806,103.9929566413446,1.0
65491,797,,,,
25059,794,Aft Tuas Sth Blvd,1.270007,103.61725,1.0
23469,793,,,,
54251,792,Aft Grandeur 8,1.37689002832989,103.84617199453344,1.0
74011,792,Aft Tampines Ind Ave 5,1.37329165833159,103.92045032835672,1.0
90039,791,Opp Camelot By-The-Water,1.29663305723862,103.87539308856654,1.0
24349,790,,,,
75461,789,Reebonz Bldg,1.365944,103.933409,1.0
24629,786,Opp Ocean Tanker,1.3085113890287,103.65015527797974,1.0
18191,782,Bef Whitchurch Rd,1.29445611099682,103.795943888993,1.0
50351,781,Farrer Pk Tennis Ctr,1.31216015438698,103.84857773804022,1.0
65609,778,,,,
97161,773,Edwards Lifesciences,1.34716828634192,103.96759395445096,1.0
46041,772,Opp Globalfoundries,1.43664137008987,103.76405579624996,1.0
44199,771,Blk 171,1.37888221944077,103.76672499902976,1.0
23419,770,,,,
33029,769,Aft Neo Tiew Rd,1.42080314827393,103.70292186217569,1.0
55241,768,Aft Yio Chu Kang Rd,1.389545,103.840319,2.0
62159,768,Opp Rindu Terr,1.34592441628878,103.8776519633928,1.0
26079,767,Bef Tuas Loop,1.32060611102859,103.6367552779852,1.0
24339,765,Hong Hang Bldg,1.30840666698801,103.66899333300486,1.0
27179,765,Aft Lor Danau,1.35618418171977,103.6917825773122,1.0
25189,764,Soon Heng Glass,1.32383972198116,103.65861666698132,1.0
46131,762,Aft Marsiling Lane,1.44627465890953,103.77703712251773,2.0
45251,760,,,,
24049,759,Pasir Laba Camp,1.33094144977498,103.67379074701834,1.0
17291,756,West Coast Pk,1.29035140506061,103.7696982607242,2.0
13181,755,Aft One Tree Hill,1.30023223661153,103.82403473005562,2.0
98089,751,Bef Jln Batalong,1.36163640696695,103.96414293864342,1.0
24601,751,Progress Galvanizing,1.31333999996651,103.65486500001047,1.0
92251,737,Opp Parkland Green,1.30003666698438,103.90625361097798,1.0
23399,736,,,,
62171,734,Blk 409,1.348208,103.874638,1.0
71331,734,KAKI BT AUTOHUB,1.33683480070641,103.90096749998747,1.0
72149,733,SHUN LI IND PK,1.33834674682355,103.91170534393189,2.0
27121,732,Bef Nanyang Ave,1.35682305601032,103.69521277798744,2.0
97169,730,Opp Edwards Lifesciences,1.34695022666824,103.96753724160826,1.0
95089,730,Opp Changi Beach CP 5,1.38962166669625,103.9959311110892,1.0
24689,730,Jurong Insp Ctr,1.31152436181276,103.65889588893424,1.0
21051,727,Bef Penjuru Rd,1.312256111,103.7304481,1.0
59829,727,Opposite Blk 334B,1.432833,103.846904,1.0
73021,726,Bef Tampines Ind Dr,1.37990824811851,103.91860651287472,1.0
25729,726,ABBOTT,1.284932,103.628258,1.0
23161,725,Aft Kian Teck Rd,1.3278839556405,103.68869472049072,1.0
72141,722,BARTLEY BIZ CTR,1.33860729777301,103.91150189998882,1.0
96329,719,DHL,1.33202391003542,103.96526335898176,1.0
26069,718,,,,
26241,715,Aft Tuas Sth Ave 2,1.32051139798651,103.63084994911132,1.0
16191,715,Aft Kent Ridge Dr,1.29614307417349,103.7703702141818,1.0
26419,709,Aft Tuas View Circuit,1.28891937327423,103.63301962123198,1.0
55329,705,Nanyang Poly,1.37901970079676,103.84722527828754,1.0
23139,705,Bef Lok Yang Way,1.32517166702255,103.68414777801723,2.0
92199,705,Raintree Cove,1.302895,103.91685,1.0
34051,705,Aft Lim Chu Kang Lane 8,1.4427555864767,103.70775406469974,1.0
73029,703,Aft Tampines Ind Dr,1.37988665914102,103.91817387962284,2.0
96079,702,ITE Coll East Tec Blk,1.33542124082545,103.95353854906276,1.0
31049,702,Aft Chr Cemy Path 9,1.36939554385137,103.6942436921991,1.0
58071,700,Bef Jln Basong,1.45528422069638,103.83388976874676,1.0
90031,698,Camelot By-The-Water,1.29656022698907,103.87500520610656,1.0
21489,696,,,,
12151,692,Bef Moonbeam Terr,1.31865064467378,103.78127574919664,1.0
24671,691,Hiap Teck Metal Co,1.30957805602715,103.66123000003104,1.0
17299,690,Opp West Coast Pk,1.29060555603074,103.77005055601748,1.0
48059,690,Opp Mandai Agrotech Pk,1.41502109155627,103.79763214717948,1.0
59789,690,Bef Yishun Ave 6,1.42301388896819,103.85136389998304,1.0
49181,688,Dapolite Ind,1.43689816677634,103.75406639623812,2.0
16119,688,Teletech Pk,1.28697650703193,103.78260551222012,1.0
23519,687,Opp FairPrice Hub,1.32479352408668,103.6793660000188,1.0
21121,687,SPC Svc Stn,1.31469130993085,103.71601687480324,1.0
64211,685,Aft Hougang Ave 7,1.36219637653141,103.89765089844938,1.0
49239,681,Opp Nyee Phoe Group,1.44057893181931,103.7279274650063,1.0
23281,679,,,,
96429,679,CHANGI LODGE 2,1.313721111,103.9953811,1.0
49051,675,Aft Sg Kadut Eating Hse,1.42276696289419,103.75010170518756,2.0
83199,670,Aft Frankel Dr,1.31733638898862,103.91628277801507,2.0
25091,670,Aft Tuas Ave 7,1.33443305603142,103.64520499998908,2.0
43631,670,Ppis Bt Batok,1.34785920936647,103.7685845905285,1.0
26379,669,Yong Nam,1.29387380677403,103.62192147229634,1.0
33021,669,Opp Neo Tiew Rd,1.42179012512071,103.70324459408172,1.0
77081,666,Aft Pasir Ris Dr 3,1.38026998386867,103.94265250854713,1.0
18181,666,Opp Tanglin Trust Sch,1.29714585347396,103.79369361976173,1.0
58191,663,Aft Wellington Rd,1.45875202875202,103.82875514072089,1.0
68139,662,Youth Flying Club,1.4144389729383,103.86207999648197,2.0
24249,661,,,,
25009,660,Tuas Ter,1.34499542766088,103.63920357507963,1.0
45441,659,Opp Eng Hua Furniture Mfg Pte Ltd,1.43189396450238,103.74745276475524,2.0
13169,658,Grange 80 Condo,1.29910305180416,103.82839289158528,1.0
24389,657,,,,
98161,654,Composite Tech,1.37986849530321,103.9759182930092,1.0
57141,654,Bef Upp Thomson Rd,1.40248255094729,103.8169622653191,1.0
23171,653,SKK (S) Pte Ltd,1.32789603640425,103.69118969248986,1.0
65631,653,Aft Punggol Pt Stn,1.41730626833353,103.90541762051286,1.0
45111,652,Opp Kranji War Memorial,1.42170099129292,103.75566245596836,1.0
24559,649,,,,
3369,648,GARDENS BY THE BAY STN EXIT 1,1.27960772061959,103.8698744774074,1.0
71031,648,Opp Gordon Warehse Bldg,1.33913918063035,103.8968074607421,1.0
18271,647,Blk 85,1.28840699998743,103.78992778459764,1.0
23359,647,,,,
22029,646,Opp Givaudan,1.32244971744256,103.70268212142696,1.0
26249,646,Bef Tuas Sth Ave 2,1.32047370757812,103.63121830364248,1.0
66019,643,Bef Braddell Rd,1.34602837489201,103.86040421534554,1.0
25589,641,,,,
26131,639,Aft Tuas Cres,1.31902277799591,103.64969999999404,1.0
52249,639,Aft Caldecott Stn,1.337482,103.838328,2.0
53519,638,Sin Ming Autocity,1.359619,103.837843,1.0
62151,638,Rindu Terr,1.34568958726335,103.87754406103582,1.0
23179,635,Aft Second Lok Yang Rd,1.32767284372911,103.69102029335356,1.0
21269,634,Bef Chin Bee Ave,1.33418183646412,103.71049761773747,1.0
23101,631,Auto World Care,1.32453472201272,103.69091333299924,1.0
31041,630,Bef Muslim Cemy Path 7,1.36893226400594,103.6939293999916,2.0
49091,627,Opp Kranji Wtr Reclam Plt,1.42753888899762,103.75641027798768,1.0
27129,626,Opp Nanyang Ave,1.35733217246828,103.69516041986128,1.0
23019,626,Nippon Paint,1.32302099996901,103.69256700002228,1.0
68061,626,Sing-China Bldg,1.40719212135322,103.87206315994295,1.0
45449,625,Eng Hua Furniture Mfg Pte Ltd,1.43188298917832,103.74760838738165,1.0
30019,625,Opp Tengah Air Base,1.37333306785344,103.71365844785454,1.0
53301,624,,,,
23409,624,,,,
99071,623,Aft Old Pier Rd,1.38768333301182,103.97832722200666,1.0
22091,613,,,,
24421,611,,,,
21311,611,,,,
47021,607,Khalsa Crescent Drug Rehab Ctr,1.4511345744486,103.78327492635378,2.0
14089,607,Opp Tg Pagar DP Blk F5,1.27046005041763,103.829792773326,2.0
27169,605,Bef Jln Bahar,1.35693103245165,103.69424464254188,1.0
53119,599,Aft Bishan St 21,1.347063,103.839451,1.0
68101,598,Rolls Royce Pte Ltd,1.40378584520974,103.86344710129676,1.0
75521,597,,,,
21481,597,,,,
51023,597,After Mount Pleasant Road,1.331459,103.838652,2.0
22079,593,Aft Jurong Pier Rd,1.31394399203055,103.70804979014268,1.0
25741,593,HALLIBURTON,1.280501,103.62711,1.0
25069,589,Opp Kyocera Chemical,1.32751179627799,103.645518021535,2.0
96231,589,DB Schenker,1.3300314164688,103.96086883190902,1.0
96421,588,OPP CHANGI LODGE 2,1.313621111,103.99655,1.0
96441,588,OPP SUTD,1.33954269927544,103.96290652054516,1.0
23269,587,,,,
40429,586,Blk 242,1.3594,103.7293,1.0
55381,581,Bef Bullion Pk,1.3899041699795,103.83624640000222,1.0
18279,578,Opp Blk 85,1.28840636755823,103.78976622482348,1.0
21531,577,Clariant S'pore,1.33187576098508,103.71634483335832,1.0
66241,577,,,,
21209,574,Taman Jurong Greens,1.33687648564633,103.71805599895129,2.0
46999,569,,,,
64131,569,Bef KPE,1.3630249842487,103.9035055135566,1.0
24691,569,Aft Tuas Rd,1.31344500002083,103.65712805602767,1.0
23379,567,Opp Joo Koon Int,1.3265431228454,103.67939439835484,1.0
24209,567,,,,
32089,567,Aft Sg Gedong Camp,1.41681891211204,103.7010851003633,1.0
68209,567,Opp Seletar Camp,1.4113435,103.873544,1.0
24379,564,,,,
49041,564,DHdeco Pte Ltd,1.41926629646719,103.75071744712068,2.0
49259,562,Opp TimMac @ Kranji,1.436986,103.756005,1.0
70319,559,Aft Kallang Way 4,1.32319846234081,103.87904763225208,1.0
55009,559,Ang Mo Kio Depot,1.38589831101442,103.84757704926118,1.0
26011,559,,,,
25339,559,Opp Chugoku Marine Paints,1.32018179763398,103.65396888287178,2.0
14081,558,Tg Pagar DP Blk F5,1.270896111,103.8308919,1.0
21539,554,Opp Kaily Packaging,1.331311,103.716354,1.0
21201,553,Opp Taman Jurong Greens,1.33683396424463,103.71778639139951,1.0
93169,549,Bef CP D5,1.30594307438981,103.92711976208209,1.0
48091,547,SCDF Nee Soon Camp,1.40274777797647,103.81238027797018,1.0
49229,547,Long Kuan Hung Crocodile Farm,1.44030777799976,103.7321016670081,1.0
49059,546,Aft LCS Optiroc Pte Ltd,1.42318199210104,103.7501925325452,1.0
47711,543,JB Sentral Bus Ter,1.46345834112565,103.76442341207212,1.0
22569,539,,,,
3341,538,Bef Gdns by the Bay,1.27959780011944,103.8643376844082,1.0
49249,538,Aft Neo Tiew Rd,1.43705520733335,103.72546776099374,1.0
43639,531,Opp Ppis Bt Batok,1.34810218754524,103.76845262919154,2.0
56081,530,Bef SLE,1.391569,103.818216,1.0
49061,525,Poh Cheong Concrete Products,1.42612604353693,103.74894489726996,2.0
23199,523,,,,
99119,520,Opp Changi Golf Club,1.39154974647967,103.98437037471184,1.0
29059,519,Caltex S'pore,1.3043728024167,103.74252500205836,1.0
49079,518,Wason Wood Ind,1.42936840267626,103.74721764191128,1.0
25331,517,Chugoku Marine Paints,1.32019777799085,103.6538130560161,1.0
49039,516,Asia Rattan Trading Co,1.41665386559511,103.75136638264014,1.0
95179,516,DHL,1.37635787246647,104.00221640515576,1.0
26441,509,Bef Tuas Sth Ave 7,1.29568927488087,103.63296571362544,1.0
23099,508,Bef First Lok Yang Rd,1.32467117178875,103.69286142759196,2.0
25169,507,Opp Galmon S'pore,1.32774944401039,103.6545005560022,1.0
40251,506,Aft Wallace Way,1.34054275997605,103.82231128179984,2.0
48099,504,Opp SCDF Nee Soon Camp,1.4029276207034,103.81200115976088,1.0
53111,499,Bef Marymount Lane,1.34549638897792,103.83890138902032,2.0
22439,499,Aft Fei Siong Group,1.33311257526168,103.70680944659456,1.0
70409,498,BLK 3032A,1.33094654621155,103.89789906902672,1.0
24169,498,,,,
70361,497,Bef Genting Lk,1.32859972197494,103.87346222198975,1.0
80189,495,Opp Kallang Squash Ctr,1.3050374120041,103.88107698307338,1.0
54259,495,Opp Grandeur 8,1.3772094440158,103.84628222196814,2.0
18199,494,Aft Whitchurch Rd,1.29544342826531,103.79407617440388,1.0
25821,494,TUAS AMENITY CTR,1.317492,103.652589,1.0
70359,494,Aft Kallang Sector,1.32768812063773,103.87256886396422,1.0
68069,493,Opp Sing-China Bldg,1.40757217631739,103.87228032413654,2.0
32119,490,Aft LP 96,1.39858000001944,103.699882699978,1.0
29041,489,Ban Joo,1.30630499421009,103.73605370521642,1.0
97099,488,Aft Loyang Ave,1.37318166697573,103.97643861099502,1.0
26081,488,BEF TUAS AVE 18A,1.322491,103.634908,1.0
98209,482,Encompass Digital Media,1.38155828919575,103.97266651518974,1.0
31089,480,HQ 5th SIB Camp I,1.37992729418245,103.69711516294916,1.0
23461,479,,,,
10211,475,BMW Eurokars Auto,1.29075499997303,103.81144166700754,2.0
25451,472,Aft Tuas West St,1.3322832999168,103.63410305264571,1.0
95191,466,Opp DB Schenker,1.38009118975333,104.00092640513972,1.0
30051,466,Aft Track 14,1.37455576936144,103.72537054756133,2.0
23259,465,,,,
23159,462,Aft Fifth Lok Yang Rd,1.32766374044406,103.68563350571776,1.0
95071,462,Changi Beach CP 4,1.38994660051217,103.99512197669613,1.0
80181,460,Kallang Squash Ctr,1.30508439498564,103.87969842035083,1.0
71171,460,Opp Scdf Hq,1.33497828854869,103.89238738026172,2.0
24641,459,,,,
25179,459,Sew-Eurodrive,1.32529138897633,103.65711333297114,1.0
65109,458,My First Skool PCC10,1.407697,103.908819,1.0
49071,458,Opp Wason Wood Ind,1.42920936914454,103.74707415989546,2.0
97181,455,Seamap,1.34784936649026,103.97214908694971,1.0
25359,455,Opp Hart Engrg Pte Ltd,1.32365000001897,103.6529238890272,2.0
23089,455,S'pore Discovery Ctr,1.330433728881,103.67843466317233,1.0
95169,455,Aft Changi Ferry Rd,1.37262300000012,104.0046664051527,1.0
23501,453,Aft Pioneer Rd Nth,1.32453160328451,103.6958354332658,1.0
25449,453,Aft Pioneer Rd,1.33559254994067,103.63488564434364,1.0
10471,452,Bef Tanglin Rd,1.29679993078344,103.81468220659576,1.0
25061,451,Kyocera Chemical,1.32758500003063,103.64528750001706,1.0
49049,449,Sim Hup Co,1.420040467845,103.75074630835056,1.0
45109,444,Bef Jln Bumbong,1.41785797439114,103.75478033541316,1.0
25479,443,,,,
23291,443,,,,
25101,441,Opp SMC Mfg,1.33428472907824,103.64783751324052,2.0
22041,440,,,,
26209,437,MSD,1.32692000001177,103.63175333302225,1.0
93161,436,Bef CP E1,1.30651832392551,103.92790223080912,1.0
98181,435,Opp Loyang Way 6,1.38434111832012,103.97345066073454,1.0
23341,434,,,,
32111,434,Aft LP 93,1.39837200000575,103.69964580001104,1.0
45211,432,Bef BKE,1.41031981199246,103.76978816795226,1.0
55289,431,LP 94,1.39844339285315,103.82903916367646,2.0
25469,430,Bef Tuas West Ave,1.32929472200012,103.63264583299014,1.0
23081,426,Opp S'pore Discovery Ctr,1.33011660553179,103.67826798978072,1.0
77089,424,Bef Pasir Ris Dr 3,1.38005668836989,103.9426864870342,1.0
24599,424,Bef Joo Koon Way,1.32562284433654,103.66926644008088,1.0
26071,423,UNIFINE STAR PETROCHEM,1.320508,103.637024,1.0
23201,421,,,,
22031,416,Bef Pioneer Circus,1.32216806047952,103.69855176773174,1.0
25551,415,,,,
72169,413,BEF BARTLEY VIADUCT,1.34105,103.916208,2.0
55341,412,Lentor Stn Exit 3,1.384975,103.836684,1.0
25109,411,SMC Mfg,1.33462333299665,103.64732250002416,1.0
23451,410,,,,
25471,410,,,,
75469,410,Opp Reebonz Bldg,1.36626888891089,103.93315812393162,1.0
25099,408,Opto-Pharm,1.33392910725335,103.6449493341418,1.0
96321,407,DBS Asia Hub,1.33208271659156,103.96532458873912,1.0
25431,404,Super Continental,1.33897644927954,103.63658739973076,1.0
25461,401,Aft Tuas West Ave,1.32944826490136,103.63291879027564,1.0
70311,401,Aft Genting Lane,1.32335569812186,103.87901421599854,1.0
22089,399,Natsteel,1.30589277802592,103.70087805599309,1.0
83381,398,Bef Jln Kembangan,1.32466780744529,103.91452207182714,1.0
47029,397,Opp Khalsa Crescent Drug Rehab Ctr,1.45096550351717,103.78252315836184,1.0
49099,397,Aft Kranji Wtr Reclam Plt,1.42763,103.7566,2.0
24159,397,Aft Joo Koon Rd,1.3268422233348,103.67664244711858,1.0
75529,396,,,,
56071,395,Bef Old Upp Thomson Rd,1.38717744383548,103.81964816646844,1.0
48031,395,LP 162,1.41109191008995,103.78316982719808,1.0
26059,393,,,,
25441,387,Bef Pioneer Rd,1.33483211759061,103.6351235369854,1.0
48061,386,Bef Mandai Ave,1.41583154711836,103.80385151827096,1.0
90059,386,S'pore Swim Club,1.297578611,103.8791081,1.0
24679,386,Opp Hiap Teck Metal Co,1.30929393064989,103.6612549652211,1.0
31079,384,Opp Chinese Cemy Path 11,1.37768611102662,103.69632194402648,1.0
21299,381,Bef Jln Buroh,1.316014,103.709922,1.0
96439,380,CHANGI NAVAL BASE,1.317708,104.015614,1.0
48039,380,LP 159,1.41075606597918,103.78320916874394,1.0
70401,377,BEF UBI RD 4,1.33088230075978,103.89811560002391,2.0
96239,377,CEVA Freight,1.33007025409204,103.96193922509366,1.0
18249,376,DNV Technology Ctr,1.29072399998624,103.78712700002762,1.0
48041,376,Aft Jln Ulu Sembawang,1.41268317529503,103.78892108182364,1.0
23149,376,Varco,1.32683034567488,103.68416474851742,2.0
30119,374,AFT CHOA CHU KANG AVE 6,1.37288750001555,103.7404039307868,1.0
10219,371,Skoda S'pore/Volkswagen Grp,1.290835,103.81181,1.0
65601,371,,,,
21339,371,Premier Milk Pte Ltd,1.329905,103.708306,1.0
25229,368,Crown Beverage Cans S'pore,1.33371272924751,103.65176249706444,1.0
23481,366,Molex,1.32791691676156,103.68174669439476,2.0
31191,366,B26 Old Choa Chu Kang Rd,1.37161444444711,103.70991083335728,2.0
25199,365,Bestofire and Thermal,1.32109472197296,103.65933166702904,1.0
23471,365,,,,
56089,360,Aft SLE,1.39205091187219,103.8186110743666,1.0
25751,359,BEF TUAS STH AVE 14,1.278059,103.621663,1.0
23119,359,Aft Fourth Lok Yang Rd,1.32467561470377,103.68847743952205,2.0
45221,358,Aft W'Lands Rd,1.41185472198007,103.75786055597196,1.0
44929,357,Greenridge Sec Sch,1.3827025,103.7730945,1.0
25361,356,Yan San Metals Pte Ltd,1.32495846442648,103.65112458286887,2.0
27051,349,NIE Lib,1.34845333297072,103.67665805600424,1.0
23449,346,,,,
25559,345,,,,
29051,344,Opp Caltex S'pore,1.30462052831604,103.74284927023317,1.0
95189,344,Expeditors,1.3787447073172,104.0014724782864,1.0
80179,343,Opp CP F,1.30059405278951,103.87712870384924,1.0
23261,341,,,,
58199,340,OPP AUCKLAND ROAD WEST,1.4590501574168,103.82788431875926,2.0
18189,339,Tanglin Trust Sch,1.29839662957663,103.79390316193482,1.0
96419,339,Eightrium,1.338026,103.964172,1.0
91111,338,CP B1,1.295343,103.892534,1.0
21309,337,Aft Jln Pesawat,1.31919,103.710547,1.0
25251,337,S'pore Rail Test Ctr,1.345284,103.640183,1.0
44921,336,Opp Greenridge Sec Sch,1.3822735,103.772836,2.0
55281,333,Aft SLE,1.39813695687252,103.8288132424982,1.0
23389,333,,,,
43899,332,BEF DAIRY FARM CRES,1.363535,103.769,1.0
23191,331,,,,
23039,329,Aft Benoi Flyover,1.32303111111252,103.68151388887642,1.0
99011,329,Bef Sch Of Commando,1.38328110134472,103.97812168830428,1.0
46091,325,Bef Bke,1.43960616363191,103.77010864564294,2.0
95181,324,Menlo Worldwide,1.37700618973294,104.00189840513904,1.0
45101,323,Aft LP 234,1.41863235748269,103.75457151987824,1.0
72161,320,AFT BARTLEY VIADUCT,1.34114935376337,103.916355499978,1.0
49019,318,Kim Hock Corp Pte Ltd,1.41054305509663,103.75244718246051,1.0
99079,317,Opp Old Pier Rd,1.38759303713073,103.9791471471214,1.0
73019,312,Bef RSAF Roundabout,1.35196515809661,103.8994408560332,1.0
26211,311,Framo S'pore Pte Ltd,1.2909661076742,103.6368386816709,1.0
65101,308,Opp My First Skool PCC10,1.407889,103.908735,1.0
23251,306,,,,
49189,304,Aft Kranji Rd,1.43646977071566,103.753734543128,1.0
18241,302,Opp Dnv Technology Ctr,1.29092304543197,103.78707861052064,1.0
96411,301,Opp Eightrium,1.338128,103.964,1.0
83331,300,Kg Kembangan CC,1.32349513640884,103.91271655859842,1.0
15111,300,Sci Pk 2/The Galen,1.28676277798099,103.78484166701072,1.0
45229,299,Bef W'Lands Rd,1.41157694400245,103.75794694401966,1.0
99019,298,Aft Sch Of Commando,1.3837089764569,103.9784486076832,2.0
68201,297,Aft Seletar Camp,1.409829,103.872581,1.0
33049,296,Aft Lim Chu Kang Lane 3,1.42621743469097,103.70543799603163,1.0
23509,295,Hoe Keng Motor,1.32468013030892,103.69561678727868,2.0
24199,294,,,,
80171,291,CP F,1.30084075195035,103.87715353250198,1.0
68161,287,Aft Seletar A'Space Lane,1.41076903489058,103.86179481507452,1.0
49031,285,Opp Crown Alliance Industries,1.41631604671773,103.75124374338,2.0
48049,285,Bef Jln Ulu Sembawang,1.41239185628293,103.78930383598242,1.0
26409,284,Multico,1.28912909258559,103.63019873280872,1.0
23241,284,,,,
21129,284,Opp SPC Svc Stn,1.31427443753325,103.71493141053244,1.0
23029,283,Stamford Tyre,1.32302194442237,103.68622888892132,1.0
3349,282,Aft Gdns by the Bay,1.27965600609923,103.8647780795552,1.0
24139,282,Opp Toyo Ink,1.32733592150747,103.67193012673827,1.0
25369,281,Opp Yan San Metals,1.32513576890329,103.65147255685936,1.0
23129,281,Leroy-Somer,1.32468096678984,103.6855876219644,2.0
25509,280,,,,
31161,280,Opp Teen Challenge,1.37253332216297,103.70208763060675,2.0
98199,276,Aft Loyang Way,1.38495784630142,103.97185206410448,1.0
26321,276,Bef Tuas Sth St 2,1.30603953289231,103.63116893582946,1.0
25381,276,WYN2000 Logistics Ctr,1.32556305598951,103.64739583301906,1.0
23121,275,Opp Leroy-Somer,1.32454951872062,103.68564634652004,1.0
25191,275,Asiatic Engrg,1.32129979633271,103.6596844024505,2.0
25531,272,,,,
25621,267,,,,
95161,266,Bef Changi Ferry Rd,1.3725170000281,104.00455640513198,1.0
25351,263,Hart Engrg Pte Ltd,1.32396971577017,103.65303152916468,1.0
25501,263,,,,
26111,263,Tru-Marine,1.31464305600075,103.6542583329887,1.0
24499,261,Panasonic Ind Devices,1.32598700998791,103.67439565139507,1.0
55361,260,Countryside Gdn P/G,1.38983685641152,103.83860500061256,1.0
31069,259,Bef Old Choa Chu Kang Rd,1.37493138896603,103.6955061110284,1.0
31061,259,Opp Lim Chu Kang Camp II,1.37594722202959,103.695570278013,1.0
31011,257,Aft Nanyang Ave,1.35908460846532,103.69389522616176,2.0
75411,255,BEF TAMPINES FIRE STN,1.35607656836954,103.92905500001906,1.0
68169,253,Bef Seletar A'Space Lane,1.4107138403801,103.86188409763392,2.0
23361,250,,,,
25539,248,,,,
31179,247,Aft Jln Berseri,1.37234403223499,103.70355081890855,1.0
49089,243,Bef Kranji Cres,1.43387888896839,103.74860194398364,1.0
15189,243,Ascent,1.29079779477822,103.78550255759306,1.0
27041,240,NIE CP 7,1.35071936245692,103.67864247139184,1.0
18239,240,Opp NUH,1.29678943404486,103.78318782626636,1.0
3361,239,GARDENS BY THE BAY STN EXIT 2,1.279917,103.868895,1.0
24411,233,,,,
24301,232,,,,
26121,229,Bef Tuas Amenity Ctr,1.31736840181558,103.65136419209274,1.0
24529,229,Aft Tuas Ave 5,1.31721248927948,103.65816649904158,2.0
3549,228,Shenton Way Stn Exit 3,1.277728,103.85045,1.0
25681,228,BEF TUAS WEST AVE,1.332541,103.637033,2.0
40259,228,Bef Wallace Way,1.34031250739109,103.82256277806692,1.0
96479,227,After Changi Coast Road,1.367858,104.010442,1.0
47731,226,,,,
23151,224,Containers Printers,1.32788229015066,103.68483459543562,1.0
34109,224,Aft Lim Chu Kang Rd,1.38430083002772,103.69811219997104,1.0
25631,223,,,,
29069,223,Aft Pandan Rd,1.30296947780325,103.74607238005542,1.0
24401,223,,,,
96391,219,Aft Changi Biz Pk Cres,1.336856,103.967921,1.0
25221,217,Raffles Country Club,1.33470589408796,103.65153114279173,1.0
26201,215,Opp MSD,1.32695291537121,103.63192950215767,1.0
23279,214,,,,
21111,213,Aft Jurong Pier Rd,1.31442640542243,103.71238327744312,1.0
96431,213,OPP CHANGI NAVAL BASE,1.318286944,104.0152631,1.0
30059,211,Opp Track 14,1.37439935176831,103.7261430419814,1.0
74019,210,Bef Tampines Ind Ave 5,1.37358500000858,103.92015138898552,2.0
91101,207,Tg Katong Flyover,1.29607137626294,103.89668750894906,1.0
25349,206,Times Printers,1.32159222133434,103.65248184445196,2.0
96471,206,Bef Changi Coast Road,1.367866,104.009977,1.0
55249,205,Bef Yio Chu Kang Rd,1.389538,103.84068,1.0
23091,205,Nippon,1.32451861639004,103.69276227893867,1.0
33011,205,B19 Lim Chu Kang Rd,1.41959108645842,103.70222963088568,1.0
15119,204,Opp Sci Pk 2/The Galen,1.28703802671813,103.78501111787652,1.0
21319,204,Opp Tractor Rd,1.32377340235344,103.70980422080449,1.0
33041,203,Opp Lim Chu Kang Lane 3,1.42761911626678,103.7059434484918,1.0
22561,203,,,,
23111,202,Bef Fourth Lok Yang Rd,1.32454666699618,103.68836472199122,1.0
25801,202,BEF TUAS STH AVE 7,1.28451,103.634186,1.0
25511,202,MICHELMAN,1.32981500001918,103.64080472198737,2.0
34029,200,Bef Lim Chu Kang Lane 5,1.43497194397025,103.70818333298028,1.0
31199,198,B25 Old Choa Chu Kang Rd,1.37097558139998,103.70931539839594,1.0
74021,198,Bef Tampines Ind Ave 4,1.37042803443167,103.92278161130189,1.0
18029,197,Tempco Mfg,1.29609811481527,103.7891804519008,1.0
18269,196,Bef Reuters,1.29010333301913,103.789186943996,1.0
96371,195,STANDARD CHARTERED BANK,1.33433369984263,103.9664670131305,1.0
24219,194,,,,
24149,192,Aft Joo Koon Cres,1.32754011144327,103.67466321781173,1.0
96461,192,Before Aviation Park Road,1.352485,104.030008,1.0
99091,191,Bef Turnhouse Rd,1.39096634300286,103.97976929995468,1.0
25389,191,Aft Tuas Ave 8,1.32595623010711,103.64720536104248,2.0
64221,189,Opp Defu Ave 2,1.36263972024077,103.90086280526522,1.0
53509,187,LTA Sin Ming Office,1.356831,103.8365,1.0
58181,184,Police Drv Circuit,1.45964275024639,103.82625715308492,1.0
26109,184,Bef Tuas Ave 11,1.32727742846476,103.63849052734984,1.0
26099,183,Bef Tuas Ave 13,1.32464249366642,103.6359968657898,1.0
64139,183,Bef KPE,1.363239,103.906656,2.0
25329,181,Mapletree Logistics,1.31779138900842,103.65646249999054,2.0
74029,178,Aft Tampines Ind Ave 4,1.3700705233294,103.92288994719686,2.0
47739,177,,,,
18089,177,S'pore Post,1.29480675923682,103.78757357729762,1.0
21341,173,,,,
49139,173,Bef Sg Kadut Way,1.40797195308481,103.7535208650928,2.0
31169,171,Teen Challenge,1.37245094201191,103.7012193702135,1.0
55371,170,Aft Lentor St,1.388614367271,103.83440450730951,1.0
26049,169,,,,
56079,165,Aft Old Upp Thomson Rd,1.38756640996273,103.81959791299872,1.0
22429,164,Opp Natl Oxygen Pte Ltd,1.30725749703402,103.69908070609895,1.0
15121,163,Sci Pk 2/The Gemini,1.2889414210404,103.78373044277906,1.0
25239,163,Asia-Pacific Brewery,1.33740500002037,103.64795499996724,1.0
15129,158,Opp Sci Pk 2/The Gemini,1.28916467783169,103.78401870729115,1.0
55349,157,Lentor Stn Exit 5,1.38479144169995,103.8364930927339,1.0
45141,156,Aft W'Lands Rd,1.42484086207371,103.75684069951171,1.0
23351,156,,,,
22421,154,,,,
25671,154,,,,
18261,153,Opp DSO Natl Laboratories,1.29015996757499,103.78933806183709,1.0
26171,151,Richee Engrg,1.32013250000852,103.64712138903369,1.0
23249,150,,,,
24441,150,,,,
18221,147,NUH,1.29630067771211,103.78346553393848,1.0
25079,147,Nissin Trspt,1.32944568983893,103.64347153803386,2.0
25259,147,Bef Tuas West Dr,1.34418817757747,103.6407070702331,1.0
25689,145,AFT TUAS WEST AVE,1.332109,103.637126,1.0
23369,145,,,,
25419,144,Aft Tuas Ter,1.3443890810874,103.63837611639327,1.0
45151,144,Opp Multistates Trading,1.40086873669287,103.75428556537604,1.0
26161,143,3NC S'pore,1.32238325656852,103.6448005401494,1.0
34101,142,Aft Old Lim Chu Kang Rd,1.38440683002823,103.69790380001842,1.0
40261,142,LP 52,1.34130384192273,103.82706642150468,2.0
18081,139,Blk 55,1.29478519265463,103.7873375415582,1.0
49131,135,Tan Chiang Bros Marble,1.40812181907283,103.75361193086512,1.0
31071,135,Aft Chinese Cemy Path 11,1.37853314214565,103.69626045229732,1.0
25519,134,OPP MICHELMAN,1.32981451584967,103.6409965426425,1.0
22049,131,Bef Tg Kling Rd,1.3144663889863,103.69788888900642,1.0
98149,131,Wacker Chemicals,1.37583493620324,103.974255326806,1.0
49081,131,Aft Kranji Cres,1.43392569720193,103.74846964367356,2.0
25341,130,Bef Tuas Ave 2,1.32194305599571,103.6519888889781,1.0
18059,125,Opp One-North Stn,1.29849138898115,103.78720666698496,1.0
98219,124,Pratt & Whitney Canada,1.38022304984,103.973409773309,1.0
99099,124,Aft Turnhouse Rd,1.39085926684364,103.97992778639244,1.0
18051,123,One-North Stn,1.29863776004531,103.7873441662514,1.0
26431,121,Aft Tuas Sth Ave 9,1.29448159014169,103.63619121489278,1.0
45191,119,Opp Mandai Police Trg Camp,1.41064903489935,103.7634845917912,1.0
26039,118,,,,
22609,117,Soon Lee Bus Pk,1.33048210252836,103.69830144019608,1.0
55331,116,Aft Lentor Gr,1.38692246241021,103.8371410383723,1.0
31021,115,Jln Bahar Power Stn,1.36247047014576,103.69287888535482,2.0
18179,114,Opp Weyhill Cl,1.29988107543841,103.79304547568135,1.0
58189,114,Opp Police Drv Circuit,1.45915444426655,103.82601182603965,2.0
55351,114,Opp Fudu Wk P/G,1.3897367880855,103.83696395007934,1.0
31081,114,Opp HQ 5th SIB Camp I,1.38056264189347,103.69732526991169,1.0
25231,107,Opp Asia-Pacific Brewery,1.3386589540233,103.64740272813636,1.0
31029,107,Opp Jln Bahar Power Stn,1.36307987152083,103.69296604646463,1.0
16219,105,Opp Wharves Bldg,1.28015833301245,103.78362361100768,1.0
98141,104,GE Aircraft Engines,1.37600551742745,103.974121669607,1.0
24019,104,Liang Huat Ind Cplx,1.32288721900936,103.6772820679354,2.0
34039,104,Bef Lim Chu Kang Lane 6,1.43659170251147,103.70811753153625,1.0
25669,103,,,,
34049,102,Aft Lim Chu Kang Lane 8,1.43837406233239,103.70802408979873,1.0
49011,101,Opp Kim Hock Corp Pte Ltd,1.41051803168987,103.75228251770572,2.0
33031,100,Aft Jln Bahtera,1.42397958326967,103.70422572285418,1.0
26019,100,,,,
18251,98,Opp Reuters,1.29068138903164,103.7884536109736,1.0
32041,96,Opp LP 160,1.40436104392726,103.701661572037,1.0
21349,95,GSK,1.335535,103.709304,1.0
64171,95,Aft Buangkok East Dr,1.37400500001195,103.91234999996988,1.0
24699,93,Bef Tuas Rd,1.31345305601187,103.65690250002406,1.0
21119,92,Bef Jurong Pier Rd,1.31397291780129,103.71201936489672,1.0
55339,92,Aft Florissa Pk,1.38708225951205,103.83711644936152,1.0
45159,89,Multistates Trading,1.40081444400002,103.75410111097352,2.0
26041,88,,,,
26141,87,Mectron Engrg,1.32668624650782,103.6402558570377,1.0
25071,86,Opp Nissin Trspt,1.32958277801799,103.6432063890228,1.0
15181,86,Opp Ascent,1.29108496444522,103.78541356072029,1.0
24391,85,,,,
25819,84,Aft Tuas Ave 7,1.332495,103.64353,1.0
64179,83,Bef Buangkok East Dr,1.37420776153231,103.91287632675,2.0
25561,83,,,,
25661,82,,,,
21131,81,Bef Jurong Port Rd,1.31470833302608,103.71799361097378,1.0
25321,80,YCH Distripk,1.31765021571604,103.6564457850944,1.0
23439,80,,,,
31171,79,Opp Jln Berseri,1.37240788349149,103.70418696765007,2.0
24011,78,M.C. Packaging Pte Ltd,1.32230923979842,103.6776263194759,1.0
33019,78,B20 Lim Chu Kang Rd,1.41920159190274,103.7021565649188,1.0
3331,75,Bef Marina Gdns Dr,1.27663307202767,103.86076808024792,1.0
25499,74,,,,
26029,73,,,,
18061,71,Blk 71,1.29671588928647,103.78738045694249,1.0
16211,71,Wharves Bldg,1.27941861098854,103.78357583299086,2.0
22099,71,,,,
47141,70,Bef Sc Auto,1.46756958848835,103.80367776966509,1.0
64191,70,Aft Goldhill Memorial Ctr,1.37946639129442,103.91593239926291,1.0
25371,69,Aft Tuas Ave 4,1.32387805603322,103.64917444402576,1.0
21139,69,Aft Jurong Port Rd,1.31433044660166,103.71846563037732,1.0
25491,68,,,,
98229,68,Honey Well,1.37796803000431,103.97468689087005,1.0
18021,63,Opp Tempco Mfg,1.29645297711413,103.7889243029247,1.0
18171,61,Bef Weyhill Cl,1.29905478616662,103.79412910351344,1.0
47169,59,CHUAN LIM CONSTRN,1.46092504799029,103.80059733131966,1.0
34021,59,Opp Lim Chu Kang Lane 5,1.43518649812518,103.70804760933632,1.0
23349,59,,,,
26091,59,ROTARY ENGRG,1.324656,103.636135,1.0
40269,58,LP 57,1.34105638903249,103.82660805601812,1.0
25249,57,Aft Tuas West Rd,1.33985499996776,103.64535166698558,1.0
25379,57,Aft Tuas Ave 6,1.3242164088822,103.64900097889706,2.0
25569,57,,,,
25811,55,Bef Tuas Ave 7,1.332261,103.643199,2.0
64199,55,Bef Goldhill Memorial Ctr,1.37918375863113,103.91568109069192,2.0
3339,55,Aft Marina Gdns Dr,1.27498516412784,103.85950016250489,1.0
26021,54,,,,
47129,54,Lian Aik Siong Machinery,1.46369329324947,103.8029823843495,1.0
33039,52,Opp Jln Bahtera,1.42329599233546,103.70408030420536,1.0
31019,51,Bef Nanyang Ave,1.35998260495758,103.69398905356208,1.0
24509,51,Aft Tuas Flyover,1.32431478516881,103.66411622471436,1.0
25391,51,Bef Pioneer Rd,1.32896999391116,103.63704332757344,2.0
22039,49,Markono Holdings,1.32284076507861,103.69861624674222,1.0
15101,48,Opp LP 31,1.28617611097876,103.78562083299964,1.0
47179,47,Comfortdelgro Engrg,1.45828424831176,103.79880737870576,1.0
23141,45,Opp Varco,1.32666880692569,103.68401506144215,1.0
45149,44,Bef W'Lands Rd,1.4251485321405,103.75694671247685,2.0
98151,43,Opp Loyang Way 4,1.37772871219159,103.9759075641532,1.0
47151,42,Aft Scania S'Pore,1.46627333237122,103.80397260190183,1.0
15109,42,LP 30,1.28591970870508,103.78581066082836,1.0
24501,41,Bef Tuas Flyover,1.32424896848956,103.66479791875364,1.0
26031,38,,,,
64189,38,Aft Old Tampines Rd,1.37693109577247,103.91392221641736,2.0
47131,37,Fuji Oil S'Pore,1.46664224303828,103.80222436305644,1.0
45169,35,Opp Eurokars Ctr,1.40316333179329,103.75459594317569,2.0
32101,35,Aft Murai Farmway,1.38541382998394,103.69744470002844,1.0
32079,33,Opp Track 13,1.41512827700833,103.70026822968336,1.0
34041,33,B03 Lim Chu Kang Rd,1.43886508618445,103.70790669860943,1.0
26101,31,BASF STH EAST ASIA,1.326868,103.638144,1.0
24521,30,Bef Tuas Ave 5,1.317440843177,103.65887836276522,1.0
64181,30,Bef TPE,1.37652001172486,103.913361893323,1.0
45189,29,Mandai CD Trg Village,1.41134149901997,103.76099444217142,1.0
45181,29,Opp Mandai CD Trg Village,1.41163371804971,103.76126994848111,1.0
47121,28,Opp Lian Aik Siong Machinery,1.46371324914732,103.80278498662896,1.0
47189,27,TAK Products & Svcs,1.45900316740952,103.80129287195832,1.0
32109,27,Bef Lor Serambi,1.3857176700282,103.69770270003046,1.0
18069,26,Opp Blk 71,1.29649064143644,103.7875521182857,1.0
2099,25,,,,
34011,24,Opp Lim Chu Kang Lane 4,1.43318199595331,103.7078231906078,1.0
34031,23,Aft Lim Chu Kang Lane 6,1.4376660533385,103.70795650853267,1.0
32049,23,Aft LP 161,1.40452254375654,103.70187031633596,1.0
34019,22,Aft Lim Chu Kang Lane 4,1.43253416698475,103.70773805599092,1.0
33051,19,Bef Lim Chu Kang Lane 3A,1.43024937289974,103.70683437257524,1.0
32051,19,Aft Track 11,1.40929365504034,103.70097942080086,1.0
45161,18,Eurokars Ctr,1.40273722420741,103.75467349450044,1.0
32071,17,Aft Track 13,1.4160246040166,103.70056776202736,1.0
18099,16,Bef Ayer Rajah Cres,1.29393169432811,103.78953616896972,1.0
32059,15,Opp Track 11,1.40903140804682,103.70120779053056,1.0
25399,12,Aft Pioneer Rd,1.32923865523658,103.63794454078864,1.0
32061,7,Opp LP 173,1.41146307596912,103.70006004261607,1.0
32069,5,B26 Lim Chu Kang Rd,1.41103257931936,103.7003812106999,1.0
33059,3,Aft Lim Chu Kang Lane 3A,1.42935991121752,103.70662973279376,1.0
47199,3,Bef Senoko Dr,1.46123583610566,103.80266128022876,1.0
84299,2,Bedok Nth Depot,1.33800081413595,103.94750053856652,1.0
